keyword,channel,title,date,url
Ensembles,Yvan Monka,LE COURS - Les ensembles de nombres,2017-05-28,https://www.youtube.com/watch?v=kL-eMNZiARM
Ensembles,Yvan Monka,Reconnaître la nature d&#39;un nombre - Seconde,2019-11-10,https://www.youtube.com/watch?v=pKxTaiqnyHg
Ensembles,Yvan Monka,DEMONSTRATION : Nombre de parties d&#39;un ensemble - Terminale,2020-10-07,https://www.youtube.com/watch?v=8MVCbhQF2ak
Ensembles,Yvan Monka,Calculer le nombre de p-uplets d&#39;un ensemble - Terminale,2021-02-08,https://www.youtube.com/watch?v=rlEbdewplHI
Ensembles,Yvan Monka,Reconnaître un entier naturel et un entier relatif - Seconde,2021-08-27,https://www.youtube.com/watch?v=HMY31orMLjs
Ensembles,Hedacademy,COMPRENDRE les ensembles de nombres,2022-08-21,https://www.youtube.com/watch?v=w92-onm8k3s
Ensembles,Hedacademy,MAÎTRISER UNION ET INTERSECTION,2023-03-04,https://www.youtube.com/watch?v=9XSRzUGu-7k
Intervalles,Yvan Monka,LE COURS : Les intervalles - Seconde,2020-08-05,https://www.youtube.com/watch?v=mvJy4LVCmRI
Intervalles,Yvan Monka,Déterminer la réunion d&#39;intervalles - Seconde,2014-11-04,https://www.youtube.com/watch?v=hzINDVy0dgg
Intervalles,Yvan Monka,Déterminer l&#39;intersection d&#39;intervalles - Seconde,2014-11-04,https://www.youtube.com/watch?v=8WJG_QHQs1Y
Intervalles,Yvan Monka,Noter les intervalles - Seconde,2015-09-12,https://www.youtube.com/watch?v=9MtAK7Xzrls
Intervalles,Yvan Monka,EXERCICE : Utiliser les intervalles - Seconde,2021-09-11,https://www.youtube.com/watch?v=8b-0LrjhA6s
Intervalles,Yvan Monka,QCM : Les intervalles - Seconde,2016-08-10,https://www.youtube.com/watch?v=wSRDSD6-mhg
Intervalles,Hedacademy,COMPRENDRE les intervalles,2022-08-22,https://www.youtube.com/watch?v=c-akR4NJhh0
Les fractions,Yvan Monka,Effectuer des calculs de fractions (1) - Troisième,2020-08-23,https://www.youtube.com/watch?v=Z86gfJOKgBg
Les fractions,Yvan Monka,LE COURS : Les fractions - Quatrième - Troisième,2020-10-17,https://www.youtube.com/watch?v=a0Qb812W75c
Les fractions,Yvan Monka,LE COURS : Les fractions - Sixième - Cinquième,2023-10-11,https://www.youtube.com/watch?v=m0HUFgWbgsA
Les fractions,Yvan Monka,Comparer les fractions (1) - Sixième - Cinquième,2023-10-08,https://www.youtube.com/watch?v=ZorNhzRGwq4
Les fractions,Yvan Monka,Comparer les fractions (2) - Cinquième,2015-12-29,https://www.youtube.com/watch?v=MVnogrTAGy0
Les fractions,Yvan Monka,Effectuer des calculs de fractions (2) - Troisième,2014-12-25,https://www.youtube.com/watch?v=1yV5scwCwvg
Les fractions,Yvan Monka,Placer une fraction sur une droite graduée - Cinquième,2015-08-15,https://www.youtube.com/watch?v=IdQhhA3s140
Les fractions,Yvan Monka,Un petit TRUC visuel sur les FRACTIONS,2022-02-25,https://www.youtube.com/watch?v=UMAcuc650y4
Les fractions,Hedacademy,FRACTIONS - Calculs complets,2021-06-24,https://www.youtube.com/watch?v=ivedi7n0hMI
Les fractions,Hedacademy,Comprendre les fractions en 1 minute.,2020-12-08,https://www.youtube.com/watch?v=EqzgQb9vdN0
Les fractions,Hedacademy,COMMENT SIMPLIFIER UNE FRACTION ?,2018-09-07,https://www.youtube.com/watch?v=qUADWP_wRCc
Les fractions,Hedacademy,LES FRACTIONS AU BREVET,2023-05-17,https://www.youtube.com/watch?v=-3OUCNOFVuU
Les fractions,Hedacademy,COMMENT ADDITIONNER DES FRACTIONS ?,2018-09-07,https://www.youtube.com/watch?v=In5_u7zjf9E
Les fractions,Hedacademy,COMMENT COMPARER DES FRACTIONS ?,2024-09-21,https://www.youtube.com/watch?v=8Uu4KH-5IOM
Les fractions,Hedacademy,ON REPREND LES BASES : Multiplier des fractions,2023-12-30,https://www.youtube.com/watch?v=ZVy5WxNCzqs
Les fractions,Hedacademy,LES PROBLÈMES DE FRACTIONS -  5ᵉ,2024-12-01,https://www.youtube.com/watch?v=4TQ__jq_fQw
Les fractions,Hedacademy,Qu&#39;est-ce qu&#39;une fraction ?,2019-05-26,https://www.youtube.com/watch?v=rmt0VhkAe0c
Les puissances,Yvan Monka,LE COURS : Les puissances - Quatrième - Troisième,2020-10-22,https://www.youtube.com/watch?v=IxCzv5FPJ3s
Les puissances,Yvan Monka,LE COURS : Les puissances - Seconde,2020-07-17,https://www.youtube.com/watch?v=XA-JkXirNz4
Les puissances,Yvan Monka,Calculer les puissances avec les nombres relatifs - Quatrième,2015-07-05,https://www.youtube.com/watch?v=4CEYTrvUP0I
Les puissances,Yvan Monka,Effectuer des calculs de puissances (1) - Troisième,2020-08-23,https://www.youtube.com/watch?v=IKmReDkNGp8
Les puissances,Yvan Monka,Ecrire un nombre sous forme scientifique - Quatrième,2015-07-06,https://www.youtube.com/watch?v=tzhNCpLRtCY
Les puissances,Yvan Monka,Utiliser la notation des puissances - Quatrième,2015-07-05,https://www.youtube.com/watch?v=jts9wiXPHtk
Les puissances,Yvan Monka,Effectuer un calcul de puissance. Ecriture scientifique - Seconde,2014-12-25,https://www.youtube.com/watch?v=cWmS4_pK_Aw
Les puissances,Yvan Monka,Effectuer des calculs de puissances (2) - Troisième,2015-12-28,https://www.youtube.com/watch?v=_iwHYbuZ4N8
Les puissances,Yvan Monka,Utiliser les puissances d&#39;exposant négatif - Troisième,2016-04-04,https://www.youtube.com/watch?v=5miQxq30zhY
Les puissances,Yvan Monka,Appliquer les formules sur les puissances - Seconde,2015-07-05,https://www.youtube.com/watch?v=FBmVDGvUtJ4
Les puissances,Hedacademy,Calcul de puissances,2021-03-15,https://www.youtube.com/watch?v=VPEjskhJ2lA
Les puissances,Hedacademy,PUISSANCES - Les propriétés,2022-03-31,https://www.youtube.com/watch?v=eH_key40OFc
Les puissances,Hedacademy,Tu maîtrises toutes ces puissances ? 🤨,2023-06-08,https://www.youtube.com/watch?v=ACcxoyo6iCE
Les puissances,Hedacademy,PUISSANCES - Découverte,2022-03-28,https://www.youtube.com/watch?v=ogOinGSbExg
Les puissances,Hedacademy,Qu&#39;est- ce qu&#39;une puissance ?,2019-10-31,https://www.youtube.com/watch?v=UL5cgbvDvNQ
Les puissances,Hedacademy,LES PUISSANCES AU BREVET,2023-05-11,https://www.youtube.com/watch?v=HAtyC69XOHo
Les puissances,Hedacademy,Puissances au Brevet - Un classique,2024-06-14,https://www.youtube.com/watch?v=q8cLJ2luzso
Les puissances,Hedacademy,PUISSANCES - Calculs et priorités,2022-03-30,https://www.youtube.com/watch?v=XtutVRJ0ePI
Les puissances,Hedacademy,PUISSANCES - Écriture scientifique,2022-04-02,https://www.youtube.com/watch?v=NxhvyT_Q6xc
Les puissances,Hedacademy,PUISSANCES - Exposant négatif,2022-03-29,https://www.youtube.com/watch?v=P3WCD9EcDiY
Les racines,Yvan Monka,LE COURS : Les racines carrées - Seconde,2020-07-17,https://www.youtube.com/watch?v=8Atxa6iMVsw
Les racines,Yvan Monka,Réduire les racines carrées (1) - Seconde,2014-12-27,https://www.youtube.com/watch?v=8pB5pq2MyDM
Les racines,Yvan Monka,Calculer une racine carrée - Quatrième,2025-03-27,https://www.youtube.com/watch?v=y2HlgP09Bog
Les racines,Yvan Monka,Appliquer les formules sur les racines carrées - Seconde,2014-12-27,https://www.youtube.com/watch?v=CrTjK3Qa72s
Les racines,Yvan Monka,Réduire les racines carrées (2) - Seconde,2014-12-27,https://www.youtube.com/watch?v=MXJYntzumDo
Les racines,Yvan Monka,Utiliser les racines n-ièmes de l’unité - Terminale - Maths expertes,2020-06-20,https://www.youtube.com/watch?v=cqK_IGw_0fE
Les racines,Yvan Monka,Utiliser les formules de somme et produit de racines - Première,2023-03-07,https://www.youtube.com/watch?v=UTcryCyG29s
Les racines,Hedacademy,Simplifier une racine carrée - JE T&#39;EXPLIQUE !,2022-05-19,https://www.youtube.com/watch?v=pxfvAV7Jyhs
Les racines,Hedacademy,Sauras-tu enlever la racine du dénominateur ?,2021-05-30,https://www.youtube.com/watch?v=6NPSpZq6vnc
Les racines,Hedacademy,INTERRO sur les RACINES CARRÉES,2025-11-17,https://www.youtube.com/watch?v=omzSAYqNYb0
Les racines,Hedacademy,UNE RACINE IMPOSSILE À SIMPLIFIER ?,2023-04-09,https://www.youtube.com/watch?v=Uh6rtSJjsyw
Les racines,Hedacademy,Racines carrées - Simplification,2016-01-03,https://www.youtube.com/watch?v=nkroNzehNZQ
Les racines,Hedacademy,Racines carrées - Introduction,2016-01-03,https://www.youtube.com/watch?v=AVxaxKK9y3w
Les racines,Hedacademy,Simplifier √8 + √18,2023-06-19,https://www.youtube.com/watch?v=zONTF8CiObQ
Les racines,Hedacademy,Sauras-tu calculer cette somme ?,2021-11-15,https://www.youtube.com/watch?v=6Vhu5avZfj0
Les racines,Hedacademy,Résoudre un système avec des racines 🤨,2022-06-09,https://www.youtube.com/watch?v=I7w9d847Pjs
Les racines,Hedacademy,POURQUOI cette racine infinie est-elle égale à 2 ?,2024-11-25,https://www.youtube.com/watch?v=w2SXJJ3S7yA
Règle des signes et priorité des opérations,Yvan Monka,Appliquer la règle des signes (1) - Quatrième,2015-07-07,https://www.youtube.com/watch?v=q-vHvhiizqY
Règle des signes et priorité des opérations,Yvan Monka,Effectuer des calculs avec des priorités (1) - Cinquième,2015-08-15,https://www.youtube.com/watch?v=TJH-fiwAt5s
Règle des signes et priorité des opérations,Yvan Monka,Appliquer la règle des signes sur les fractions - Quatrième,2015-07-05,https://www.youtube.com/watch?v=Bf11wk3SMTY
Règle des signes et priorité des opérations,Yvan Monka,COURS : Règles de calcul - Cinquième,2021-08-26,https://www.youtube.com/watch?v=r1dzDGtPm7A
Règle des signes et priorité des opérations,Yvan Monka,EXERCICE : Appliquer la règle des signes - Quatrième,2021-10-14,https://www.youtube.com/watch?v=b4WF4_TJGXE
Règle des signes et priorité des opérations,Yvan Monka,Effectuer des additions et soustractions de nombres relatifs (1) - Cinquième,2015-08-18,https://www.youtube.com/watch?v=9L4lz1NMPoY
Règle des signes et priorité des opérations,Yvan Monka,EXERCICE : Effectuer des calculs avec les nombres relatifs (1) - Quatrième,2015-11-26,https://www.youtube.com/watch?v=O3mI59OVnJI
Règle des signes et priorité des opérations,Hedacademy,PRIORITÉ DES OPÉRATIONS - 5ᵉ,2024-09-19,https://www.youtube.com/watch?v=xPYAI9thItk
Règle des signes et priorité des opérations,Hedacademy,ON REPREND LES BASES : Réduire une expression,2024-03-16,https://www.youtube.com/watch?v=WlLHib4-3WE
Autres opérations ou notations,Yvan Monka,LE COURS : Valeur absolue - Seconde,2020-08-05,https://www.youtube.com/watch?v=5-rUuceEgAE
Autres opérations ou notations,Yvan Monka,Comprendre la notation I...I (Valeur absolue) - Seconde,2021-06-01,https://www.youtube.com/watch?v=ejxGmpzrciA
Autres opérations ou notations,Yvan Monka,Utiliser la valeur absolue - Seconde,2019-06-20,https://www.youtube.com/watch?v=m3htEMfDxcE
Monômes et polynômes,Yvan Monka,Développer à l&#39;aide de l&#39;identité remarquable (a-b)(a+b)=a²-b² - Troisième,2018-12-11,https://www.youtube.com/watch?v=6j0oMQlaBYg
Monômes et polynômes,Hedacademy,ON DIVISE DES POLYNÔMES !,2022-10-09,https://www.youtube.com/watch?v=aT9czHsD2Tc
Monômes et polynômes,Hedacademy,ON REPREND LES BASES : Réduire une expression,2024-03-16,https://www.youtube.com/watch?v=WlLHib4-3WE
La factorisation,Yvan Monka,LE COURS : Factorisations - Troisième,2020-08-09,https://www.youtube.com/watch?v=JVnzqtfXfl4
La factorisation,Yvan Monka,LE COURS : Factorisations - Seconde,2017-07-25,https://www.youtube.com/watch?v=kQGWtMOHbrA
La factorisation,Yvan Monka,Factoriser une expression (Niv.1) - Quatrième,2015-08-05,https://www.youtube.com/watch?v=sr_vOR2ALhw
La factorisation,Yvan Monka,Factoriser avec facteur commun - Seconde,2014-11-04,https://www.youtube.com/watch?v=UGTFELhE9Dw
La factorisation,Yvan Monka,Factoriser en reconnaissant un facteur commun (1) - Troisième,2014-12-26,https://www.youtube.com/watch?v=r3AzqvgLcI8
La factorisation,Yvan Monka,Factoriser une expression (Niv.2) - Quatrième,2015-08-05,https://www.youtube.com/watch?v=BaUpx07H0NM
La factorisation,Yvan Monka,EXERCICE : Résoudre une équation en factorisant - Seconde,2021-06-01,https://www.youtube.com/watch?v=TjyVlLByTIM
La factorisation,Yvan Monka,Factoriser en utilisant une identité remarquable (1) - Seconde,2014-12-26,https://www.youtube.com/watch?v=T9T4IeYGEe4
La factorisation,Yvan Monka,Forme factorisée  VS  forme développée - Troisième - Seconde,2021-01-27,https://www.youtube.com/watch?v=FTi9WOQsq3w
La factorisation,Yvan Monka,Factoriser un trinôme - Première,2014-11-20,https://www.youtube.com/watch?v=eKrZK1Iisc8
La factorisation,Hedacademy,APPRENDRE À FACTORISER,2019-12-17,https://www.youtube.com/watch?v=1OOl4u2kIg8
La factorisation,Hedacademy,Factoriser 9x² - 12x + 4 en 1 minute !,2021-05-23,https://www.youtube.com/watch?v=Y6yAD07wfAg
La factorisation,Hedacademy,FACTORISER À L&#39;AMÉRICAINE 🇺🇸,2024-05-26,https://www.youtube.com/watch?v=6DzGER5kd34
La factorisation,Hedacademy,FACTORISER à la FRANÇAISE 🇫🇷 VS à l’AMÉRICAINE 🇺🇸,2024-10-17,https://www.youtube.com/watch?v=OQKqA8epf5Y
La factorisation,Hedacademy,FACTORISER À L&#39;AMÉRICAINE 🇺🇸,2024-06-13,https://www.youtube.com/watch?v=OzFyChAGxKo
La factorisation,Hedacademy,1 minute pour factoriser 21x + 35,2021-01-19,https://www.youtube.com/watch?v=CbMx_0nt0a0
La factorisation,Hedacademy,IDENTITÉS REMARQUABLES - FACTORISER,2024-05-30,https://www.youtube.com/watch?v=12eL9LBY02U
La factorisation,Hedacademy,FACTORISER x³ - 9x² + 27x - 27⎪On teste 3 pistes,2025-04-01,https://www.youtube.com/watch?v=NE8QzJb5NA8
La factorisation,Hedacademy,FACTORISER a² - b²,2024-12-30,https://www.youtube.com/watch?v=duoGyJFKPBo
La factorisation,Hedacademy,Factorisation I,2015-12-05,https://www.youtube.com/watch?v=foThlfiVSBI
Les fractions rationnelles,Yvan Monka,Résoudre une équation contenant des fractions - Troisième,2014-12-26,https://www.youtube.com/watch?v=l4NEpMsA2jc
Les fractions rationnelles,Yvan Monka,Résoudre une équation-quotient (1) - Seconde,2014-11-07,https://www.youtube.com/watch?v=zhY1HD4oLHg
Les fractions rationnelles,Hedacademy,1 minute pour résoudre une équation quotient,2021-03-08,https://www.youtube.com/watch?v=e06KotaCNRs
Opérations avec les racines,Yvan Monka,Développer une expression contenant des racines carrées - Seconde,2014-12-27,https://www.youtube.com/watch?v=xmtZS0GwV_Y
Opérations avec les racines,Hedacademy,Résoudre un système avec des racines 🤨,2022-06-09,https://www.youtube.com/watch?v=I7w9d847Pjs
Opérations avec les racines,Hedacademy,RACINE de RACINE ...,2022-03-10,https://www.youtube.com/watch?v=p3vlyZVc2-w
Équations du premier degré à une inconnue,Yvan Monka,Résoudre une équation (1) - Quatrième,2015-08-06,https://www.youtube.com/watch?v=uV_EmbYu9_E
Équations du premier degré à une inconnue,Yvan Monka,LE COURS : Les équations - Troisième - Seconde,2018-01-07,https://www.youtube.com/watch?v=WoTpA2RyuVU
Équations du premier degré à une inconnue,Yvan Monka,Résoudre une équation - Seconde,2014-11-15,https://www.youtube.com/watch?v=6gW4rXWr3fY
Équations du premier degré à une inconnue,Yvan Monka,RÉSOUDRE une ÉQUATION simplement !,2022-03-01,https://www.youtube.com/watch?v=CjZAnhdwVlo
Équations du premier degré à une inconnue,Yvan Monka,Résoudre une équation (1) - Troisième,2015-08-06,https://www.youtube.com/watch?v=quzC5C3a9jM
Équations du premier degré à une inconnue,Yvan Monka,Résoudre une équation-produit - Troisième,2014-12-26,https://www.youtube.com/watch?v=APj1WPPNUgo
Équations du premier degré à une inconnue,Yvan Monka,Mettre un problème en équation (1) - Troisième,2015-08-06,https://www.youtube.com/watch?v=Xn8rUSZPO34
Équations du premier degré à une inconnue,Yvan Monka,Résoudre une équation (2) - Quatrième,2015-08-06,https://www.youtube.com/watch?v=mK8Y-v-K0cM
Équations du premier degré à une inconnue,Yvan Monka,Résoudre une équation contenant des fractions - Troisième,2014-12-26,https://www.youtube.com/watch?v=l4NEpMsA2jc
Équations du premier degré à une inconnue,Hedacademy,Résoudre une équation en 1 minute,2021-05-09,https://www.youtube.com/watch?v=yQ1auuMtMvw
Équations du premier degré à une inconnue,Hedacademy,COMMENT RÉSOUDRE UNE ÉQUATION ? Ma méthode 😎,2026-04-09,https://www.youtube.com/watch?v=W_eAWxhsuro
Équations du premier degré à une inconnue,Hedacademy,Je t&#39;apprends à RÉSOUDRE UNE ÉQUATION - Ma méthode 😎,2026-03-30,https://www.youtube.com/watch?v=Gwma1GeXMyU
Équations du premier degré à une inconnue,Hedacademy,Equation produit nul,2016-01-03,https://www.youtube.com/watch?v=KoMyPeLRTWg
Équations du premier degré à une inconnue,Hedacademy,LES PROBLÈMES DU COLLÈGE #3 : encore des âges,2022-06-21,https://www.youtube.com/watch?v=Yv-jVnGfm1w
Équations du premier degré à une inconnue,Hedacademy,1 minute pour résoudre une inéquation,2021-01-26,https://www.youtube.com/watch?v=B05hf7njnpA
Équations du premier degré à une inconnue,Hedacademy,1 minute pour résoudre une équation quotient,2021-03-08,https://www.youtube.com/watch?v=e06KotaCNRs
Équations du premier degré à une inconnue,Hedacademy,TOUTE UNE AVENTURE POUR RÉSOUDRE CETTE ÉQUATION,2024-02-19,https://www.youtube.com/watch?v=K_4Z66VNYUY
Systèmes d'équations du premier degré,Yvan Monka,LE COURS : Systèmes d&#39;équations - Seconde,2020-07-24,https://www.youtube.com/watch?v=sWaHnxqUve0
Systèmes d'équations du premier degré,Yvan Monka,Résoudre un système par substitution (1) - Seconde,2014-12-28,https://www.youtube.com/watch?v=24VsDZK6bN0
Systèmes d'équations du premier degré,Yvan Monka,RÉSOUDRE une ÉQUATION simplement !,2022-03-01,https://www.youtube.com/watch?v=CjZAnhdwVlo
Systèmes d'équations du premier degré,Yvan Monka,Résoudre un système par combinaisons linéaires (1) - Seconde,2022-08-17,https://www.youtube.com/watch?v=Zw-qI9DFv54
Systèmes d'équations du premier degré,Yvan Monka,EXERCICE : Résoudre un système (1) - Seconde,2015-04-23,https://www.youtube.com/watch?v=GYw3T-TK9hs
Systèmes d'équations du premier degré,Yvan Monka,Mettre un problème en équations (Système) - Seconde,2017-04-12,https://www.youtube.com/watch?v=oQ0c4iU-PGM
Systèmes d'équations du premier degré,Yvan Monka,LE COURS : Les équations - Troisième - Seconde,2018-01-07,https://www.youtube.com/watch?v=WoTpA2RyuVU
Systèmes d'équations du premier degré,Yvan Monka,Interpréter graphiquement les solutions d&#39;un système - Seconde,2014-12-28,https://www.youtube.com/watch?v=-LV_5rkW0RY
Systèmes d'équations du premier degré,Hedacademy,Droites et Systèmes,2022-11-17,https://www.youtube.com/watch?v=5aTVNd1t8tg
Systèmes d'équations du premier degré,Hedacademy,RÉSOUDRE UN SYSTÈME À 3 INCONNUES !,2022-07-11,https://www.youtube.com/watch?v=LIc0loIdsV0
Systèmes d'équations du premier degré,Hedacademy,Résoudre un système par substitution.,2021-05-10,https://www.youtube.com/watch?v=x_AJ6vtBXms
Systèmes d'équations du premier degré,Hedacademy,Résoudre un système par combinaison.,2021-05-15,https://www.youtube.com/watch?v=brwKbKccjQQ
Systèmes d'équations du premier degré,Hedacademy,Les Systèmes - Seconde,2016-03-05,https://www.youtube.com/watch?v=1U9pXLEUEYc
Systèmes d'équations du premier degré,Hedacademy,UNE ÉQUATION À 2 INCONNUES 😎,2022-09-14,https://www.youtube.com/watch?v=9CRu8cO4wLg
Équation du deuxième degré,Yvan Monka,LE COURS : Équations du second degré - Première,2020-08-19,https://www.youtube.com/watch?v=tc9wvbYuZts
Équation du deuxième degré,Yvan Monka,Résoudre une équation du second degré (1) - Première,2014-11-20,https://www.youtube.com/watch?v=youUIZ-wsYk
Équation du deuxième degré,Yvan Monka,Résoudre une équation du second degré dans ℂ - Terminale - Maths expertes,2015-01-17,https://www.youtube.com/watch?v=KCnorHy5FE4
Équation du deuxième degré,Yvan Monka,EXERCICE : Résoudre une équation du second degré (cas particuliers) - Première,2021-07-04,https://www.youtube.com/watch?v=OF6BS5f5khs
Équation du deuxième degré,Yvan Monka,Résoudre une équation du type x² = a - Troisième,2020-05-17,https://www.youtube.com/watch?v=VNGFmMt1W3Y
Équation du deuxième degré,Yvan Monka,Résoudre une équation du type x² = a - Seconde,2014-12-27,https://www.youtube.com/watch?v=ef15aeQRs6w
Équation du deuxième degré,Yvan Monka,DEMONSTRATION : Solutions d&#39;une équation du second degré - Première,2019-09-01,https://www.youtube.com/watch?v=7VFpZ63Tgis
Équation du deuxième degré,Yvan Monka,Résoudre une équation du second degré (2) - Première,2014-11-20,https://www.youtube.com/watch?v=RhHheS2Wpyk
Équation du deuxième degré,Hedacademy,Second degré - Maîtriser Δ,2022-08-19,https://www.youtube.com/watch?v=Nj27Obr6IYs
Équation du deuxième degré,Hedacademy,DÉFI : Résoudre cette équation SANS delta !,2023-06-04,https://www.youtube.com/watch?v=LCvKNjnksV4
Équation du deuxième degré,Hedacademy,POURQUOI Δ = b² - 4ac ?,2023-09-20,https://www.youtube.com/watch?v=WWNvRoBhpMg
Équation du deuxième degré,Hedacademy,Le second degré - Delta - en 3 étapes,2016-09-25,https://www.youtube.com/watch?v=uiLPq1nbq_s
Équation du deuxième degré,Hedacademy,Second degré - Forme canonique,2018-09-09,https://www.youtube.com/watch?v=SgHeMMFXk1g
Équation du deuxième degré,Hedacademy,Second degré - Résoudre une inéquation,2018-09-16,https://www.youtube.com/watch?v=icvnxmU6Woo
Équations avec des valeurs absolues,Yvan Monka,Résoudre une équation avec valeur absolue - Seconde,2021-06-01,https://www.youtube.com/watch?v=FPj7S1PkNGY
Équations avec des valeurs absolues,Yvan Monka,EXERCICE : Résoudre une équation avec valeurs absolues - PostBac,2016-10-15,https://www.youtube.com/watch?v=9diXS3sO67I
Équations avec des valeurs absolues,Hedacademy,VALEUR ABSOLUE - Résoudre |2x + 5 | = 9,2023-01-30,https://www.youtube.com/watch?v=wqznnucesGQ
Équations avec des valeurs absolues,Hedacademy,VALEURS ABSOLUES - Inéquations⎪x- 3⎪≤ 5,2025-03-11,https://www.youtube.com/watch?v=Bg9R9zOzFwo
Équations avec des valeurs absolues,Hedacademy,VALEUR ABSOLUE - Résoudre  |x - 5| = 3 - Seconde,2025-02-13,https://www.youtube.com/watch?v=sAAcPjs2JFA
Équations de degré supérieur à deux,Yvan Monka,Résoudre une équation de degré 3 avec une racine connue - Terminale - Maths expertes,2020-06-20,https://www.youtube.com/watch?v=KqghKmQ9gOk
Équations de degré supérieur à deux,Hedacademy,Résoudre x⁴ - 4x³ - 7x² + 10x = 0,2022-10-23,https://www.youtube.com/watch?v=yIF8B6F34Zs
Inéquations du premier degré,Yvan Monka,Résoudre une inéquation (1) - Seconde,2017-02-24,https://www.youtube.com/watch?v=ycYfb8aHssY
Inéquations du premier degré,Yvan Monka,LE COURS : Les inéquations - Seconde,2018-02-10,https://www.youtube.com/watch?v=kbTWwWQ9tYo
Inéquations du premier degré,Yvan Monka,Résoudre une inéquation en étudiant le signe d&#39;un trinôme - Première,2014-11-20,https://www.youtube.com/watch?v=AEL4qKKNvp8
Inéquations du premier degré,Yvan Monka,Résoudre une inéquation-produit - Seconde,2014-11-06,https://www.youtube.com/watch?v=qoNLr9NkvUE
Inéquations du premier degré,Yvan Monka,Résoudre une inéquation (2) - Seconde,2014-11-03,https://www.youtube.com/watch?v=p93oVqzvog8
Inéquations du premier degré,Yvan Monka,Résoudre graphiquement une équation ou une inéquation - Seconde,2019-02-24,https://www.youtube.com/watch?v=nwdv78G1kII
Inéquations du premier degré,Yvan Monka,EXERCICE : Résoudre une inéquation (1) - Seconde,2015-04-23,https://www.youtube.com/watch?v=qYCl9UrtIk0
Inéquations du premier degré,Hedacademy,1 minute pour résoudre une inéquation,2021-01-26,https://www.youtube.com/watch?v=B05hf7njnpA
Inéquations du premier degré,Hedacademy,Inéquation - 3ème,2016-02-22,https://www.youtube.com/watch?v=00XcgnWyqdI
Inéquations du premier degré,Hedacademy,Inéquation - Tableau de signe,2016-01-16,https://www.youtube.com/watch?v=NZfcwM46DH4
Inéquations du premier degré,Hedacademy,MAÎTRISER LES TABLEAUX DE SIGNES,2023-01-25,https://www.youtube.com/watch?v=GxCrSt1twE0
Inéquations polynomiales,Yvan Monka,Résoudre une inéquation en étudiant le signe d&#39;un trinôme - Première,2014-11-20,https://www.youtube.com/watch?v=AEL4qKKNvp8
Inéquations polynomiales,Yvan Monka,Résoudre une inéquation avec la fonction cube - Seconde,2020-08-21,https://www.youtube.com/watch?v=SZJ_ymhMfac
Inéquations polynomiales,Yvan Monka,Résoudre une équation de degré 3 avec une racine connue - Terminale - Maths expertes,2020-06-20,https://www.youtube.com/watch?v=KqghKmQ9gOk
Inéquations polynomiales,Hedacademy,Second degré - Résoudre une inéquation,2018-09-16,https://www.youtube.com/watch?v=icvnxmU6Woo
Inéquations rationnelles,Yvan Monka,Résoudre une inéquation-quotient - Seconde,2014-11-06,https://www.youtube.com/watch?v=Vitm29q8AEs
Inéquations rationnelles,Yvan Monka,Résoudre une inéquation avec la fonction inverse - Seconde,2020-08-23,https://www.youtube.com/watch?v=V07NxCl7Eto
Inéquations rationnelles,Yvan Monka,EXERCICE : Résoudre une inéquation-quotient - Seconde,2015-04-12,https://www.youtube.com/watch?v=uMYtEe9h-88
Inéquations rationnelles,Hedacademy,INÉQUATION QUOTIENT - Tableau de signes,2023-01-27,https://www.youtube.com/watch?v=ljWBxPMriCU
Inéquations rationnelles,Hedacademy,1 minute pour résoudre une équation quotient,2021-03-08,https://www.youtube.com/watch?v=e06KotaCNRs
Inéquations rationnelles,Hedacademy,Résoudre 1/x ≥ 2/5,2022-10-17,https://www.youtube.com/watch?v=7vm9xbC1rOw
Inéquations rationnelles,Hedacademy,Second degré - Inéquation quotient,2018-09-23,https://www.youtube.com/watch?v=7yw6Q47Fg_M
Optimisation linéaire,Yvan Monka,EXERCICE : Résoudre un problème d&#39;optimisation (second degré) - Première,2021-11-30,https://www.youtube.com/watch?v=V0gLF8iWARs
Notion de fonction,Yvan Monka,LE COURS : Notion de fonction - Troisième - Seconde,2017-05-22,https://www.youtube.com/watch?v=E4SY8_L-DTA
Notion de fonction,Yvan Monka,Calculer une image par une fonction - Troisième,2014-12-28,https://www.youtube.com/watch?v=FjqPwHS7vE8
Notion de fonction,Yvan Monka,"Comprendre les notations sur les fonctions f : x ↦ x² , f(x) = x² , y = x²",2021-06-21,https://www.youtube.com/watch?v=iyagHXiJp-4
Notion de fonction,Yvan Monka,"LE COURS : Fonction paire, fonction impaire. Fonctions de référence - Première",2020-08-06,https://www.youtube.com/watch?v=DUbAkwCX8O8
Notion de fonction,Yvan Monka,Calculer un antécédent par une fonction - Troisième,2021-09-21,https://www.youtube.com/watch?v=0NakIDu5dQU
Notion de fonction,Hedacademy,LES FONCTIONS - Image  &amp; Antécédent 3e - 2nde,2015-12-05,https://www.youtube.com/watch?v=klqqakZvIY4
Notion de fonction,Hedacademy,LES FONCTIONS - Premiers pas,2015-12-05,https://www.youtube.com/watch?v=rtqMOIldsKQ
Notion de fonction,Hedacademy,FONCTIONS : Ensemble de définition,2020-01-05,https://www.youtube.com/watch?v=VZ4XNCPLo9w
Notion de fonction,Hedacademy,Fonctions - Image et Antécédent,2022-02-17,https://www.youtube.com/watch?v=oFIZZKf01uI
Représentation d'une fonction,Yvan Monka,Représenter graphiquement une fonction - Troisième,2014-12-28,https://www.youtube.com/watch?v=xHJNdrhzY4Q
Représentation d'une fonction,Yvan Monka,Lire graphiquement une image ou un antécédent - Seconde,2014-11-05,https://www.youtube.com/watch?v=8cytzglu8yc
Représentation d'une fonction,Yvan Monka,Lire graphiquement une image et un antécédent - Troisième,2014-12-29,https://www.youtube.com/watch?v=gQUt5y8LFKk
Représentation d'une fonction,Yvan Monka,Représenter une fonction affine (2 points) - Troisième,2014-12-29,https://www.youtube.com/watch?v=OQ37ZFZnqZg
Représentation d'une fonction,Yvan Monka,Représenter une fonction du second degré,2019-06-20,https://www.youtube.com/watch?v=riqMPcUT_Ts
Représentation d'une fonction,Yvan Monka,REPRÉSENTER graphiquement une FONCTION - Première,2023-03-07,https://www.youtube.com/watch?v=gPhyoY-d_VU
Représentation d'une fonction,Yvan Monka,Tracer une courbe à partir du tableau de variations - Terminale,2016-09-25,https://www.youtube.com/watch?v=vkfpsiqMydY
Représentation d'une fonction,Hedacademy,Fonctions - Lecture graphique,2022-02-20,https://www.youtube.com/watch?v=W7pJPx9jDvI
Droite et fonction affine,Yvan Monka,LE COURS : Fonctions affines - Troisième - Seconde,2017-06-28,https://www.youtube.com/watch?v=n5_pRx4ozIg
Droite et fonction affine,Yvan Monka,Représenter une fonction affine - Seconde,2014-11-05,https://www.youtube.com/watch?v=fq2sXpbdJQg
Droite et fonction affine,Yvan Monka,Reconnaître l&#39;expression d&#39;une fonction affine - Troisième,2021-06-23,https://www.youtube.com/watch?v=r5f6kS-8ePM
Droite et fonction affine,Yvan Monka,Représenter une fonction affine (2 points) - Troisième,2014-12-29,https://www.youtube.com/watch?v=OQ37ZFZnqZg
Droite et fonction affine,Yvan Monka,LE COURS - Équations de droites - Seconde,2020-08-02,https://www.youtube.com/watch?v=d-rUnClmcCY
Droite et fonction affine,Yvan Monka,Déterminer les variations d&#39;une fonction affine - Seconde,2021-06-23,https://www.youtube.com/watch?v=9x1mMKopdI0
Droite et fonction affine,Yvan Monka,Déterminer une fonction affine par 2 nombres et leurs images - Troisième,2014-12-30,https://www.youtube.com/watch?v=cXl6snfEJbg
Droite et fonction affine,Yvan Monka,Vérifier si un point appartient à une droite (fonction affine) - Troisième,2014-12-29,https://www.youtube.com/watch?v=KR8AgLUngeg
Droite et fonction affine,Yvan Monka,Déterminer graphiquement l&#39;expression d&#39;une fonction affine - Troisième,2014-12-30,https://www.youtube.com/watch?v=E0NTyDRqWfM
Droite et fonction affine,Yvan Monka,Déterminer graphiquement une fonction affine - Seconde,2014-11-06,https://www.youtube.com/watch?v=OnnrfqztpTY
Droite et fonction affine,Hedacademy,Les Fonctions AFFINES - Définition + Exercice,2020-01-15,https://www.youtube.com/watch?v=0Hj7XbNhNI4
Droite et fonction affine,Hedacademy,Fonctions affines et linéaires,2022-02-21,https://www.youtube.com/watch?v=5ocIH2UJabk
Droite et fonction affine,Hedacademy,Déterminer l&#39;équation d&#39;une droite,2017-12-10,https://www.youtube.com/watch?v=e8W6vk_xrgA
Droite et fonction affine,Hedacademy,Fonctions affines - Lecture graphique,2022-02-22,https://www.youtube.com/watch?v=p-fd5tVDe_0
Droite et fonction affine,Hedacademy,Déterminer l&#39;expression d&#39;une fonction affine,2026-04-30,https://www.youtube.com/watch?v=0Ck3ciLjJQg
Droite et fonction affine,Hedacademy,Fonction affine - Lecture graphique,2020-01-18,https://www.youtube.com/watch?v=24i53pS-OxY
Droite et fonction affine,Hedacademy,Comment déterminer l&#39;équation d&#39;une droite ? y = ax + b,2026-04-16,https://www.youtube.com/watch?v=axG_YXiHVKs
Droite et fonction affine,Hedacademy,QU&#39;EST-CE QU&#39;UNE FONCTION LINÉAIRE - 3ᵉ,2025-03-05,https://www.youtube.com/watch?v=87FgV4ZIBfU
Droite et fonction affine,Hedacademy,FONCTIONS LINÉAIRES - Tracer - 3ᵉ,2025-03-14,https://www.youtube.com/watch?v=1ZLKurw7tTk
Fonction quadratique,Yvan Monka,LE COURS : Fonctions du second degré - Première,2020-08-19,https://www.youtube.com/watch?v=WVYWdN13kPE
Fonction quadratique,Yvan Monka,"Déterminer les caractéristiques d&#39;une parabole (sommet, axe de symétrie) - Première",2019-06-20,https://www.youtube.com/watch?v=7IOCVfUnoz0
Fonction quadratique,Yvan Monka,Représenter une fonction du second degré,2019-06-20,https://www.youtube.com/watch?v=riqMPcUT_Ts
Fonction quadratique,Yvan Monka,LE COURS : Fonctions affines - Troisième - Seconde,2017-06-28,https://www.youtube.com/watch?v=n5_pRx4ozIg
Fonction quadratique,Yvan Monka,"Second degré : Forme canonique, développée ou factorisée - Première",2018-09-08,https://www.youtube.com/watch?v=lQxJhGg2GQY
Fonction quadratique,Yvan Monka,Résoudre un problème du second degré - Première,2021-07-01,https://www.youtube.com/watch?v=Mbwqlq_7Iis
Fonction quadratique,Yvan Monka,Déterminer la forme canonique d&#39;une expression du second degré (1) - Première,2021-09-21,https://www.youtube.com/watch?v=JcT6kph74O0
Fonction quadratique,Hedacademy,Les fonctions du Second degré - Présentation,2021-09-12,https://www.youtube.com/watch?v=iD2ach3IyuE
Application des fonctions quadratiques,Yvan Monka,Résoudre un problème du second degré - Première,2021-07-01,https://www.youtube.com/watch?v=Mbwqlq_7Iis
Application des fonctions quadratiques,Yvan Monka,EXERCICE : Résoudre un problème d&#39;optimisation (second degré) - Première,2021-11-30,https://www.youtube.com/watch?v=V0gLF8iWARs
Fonctions polynômes,Yvan Monka,Etudier le signe d&#39;une fonction polynôme de degré 3,2019-06-20,https://www.youtube.com/watch?v=g0PfyqHSkBg
Fonctions polynômes,Yvan Monka,Factoriser un polynôme de degré 3 avec une racine connue - Terminale - Maths expertes,2020-06-20,https://www.youtube.com/watch?v=1Y-JtI6nNXU
Formes exponentielles,Yvan Monka,LE COURS : La fonction exponentielle - Première,2020-06-07,https://www.youtube.com/watch?v=aD03wqgxexk
Formes exponentielles,Yvan Monka,LE COURS : Fonction exponentielle - Terminale,2017-08-15,https://www.youtube.com/watch?v=sCcy4IQKits
Formes exponentielles,Yvan Monka,Passer de la forme exponentielle à la forme algébrique - Terminale Maths expertes,2015-01-17,https://www.youtube.com/watch?v=zdxRt5poJp0
Formes exponentielles,Hedacademy,Exponentielle - Les propriétés,2022-03-01,https://www.youtube.com/watch?v=8bkDif2hSdU
Formes exponentielles,Hedacademy,Fonction exponentielle - Introduction,2022-02-28,https://www.youtube.com/watch?v=anU8h4w1Pi0
Formes exponentielles,Hedacademy,5 minutes avant ton contrôle : Fiche Exponentielle,2021-03-20,https://www.youtube.com/watch?v=y5GfPIZqOCM
Formes exponentielles,Hedacademy,PROPRIÉTÉS DE L&#39;EXPONENTIELLE,2025-03-14,https://www.youtube.com/watch?v=r4OjTqavGsw
Logarithmes,Yvan Monka,LE COURS : Logarithme népérien - Terminale,2020-07-02,https://www.youtube.com/watch?v=VJns0RfVWGg
Logarithmes,Yvan Monka,Appliquer les formules du logarithme décimal - Terminale Techno,2020-06-20,https://www.youtube.com/watch?v=qdYQQlbz-AQ
Logarithmes,Yvan Monka,Résoudre une équation contenant des logarithmes (1) - Terminale,2014-12-14,https://www.youtube.com/watch?v=lCT-8ijhZiE
Logarithmes,Yvan Monka,Appliquer les formules sur les logarithmes - Terminale,2014-12-14,https://www.youtube.com/watch?v=HGrK77-SCl4
Logarithmes,Yvan Monka,Résoudre une équation ou une inéquation à l&#39;aide du LOG - Terminale Techno,2020-06-20,https://www.youtube.com/watch?v=WD2J0woQom0
Logarithmes,Yvan Monka,Dériver une fonction logarithme - Terminale,2015-01-13,https://www.youtube.com/watch?v=yiQ4Z5FdFQ8
Logarithmes,Yvan Monka,Etudier une fonction contenant des logarithmes - Terminale,2014-12-15,https://www.youtube.com/watch?v=iT9C0BiOK4Y
Logarithmes,Yvan Monka,Résoudre une inéquation contenant des logarithmes - Terminale,2014-12-14,https://www.youtube.com/watch?v=_fpPphstjYw
Logarithmes,Hedacademy,GÉRER TOUTES LES PROPRIÉTÉS DU LOGARITHME 💪,2024-04-25,https://www.youtube.com/watch?v=-VuYwytAjM0
Logarithmes,Hedacademy,LOGARITHME - Introduction,2015-12-21,https://www.youtube.com/watch?v=W5fh4Arugug
Logarithmes,Hedacademy,Inéquations avec LOGARITHME et EXPONENTIELLE - Term Spé,2025-01-30,https://www.youtube.com/watch?v=SW14rC6ktRI
Logarithmes,Hedacademy,LOGARITHME  f(x) = x² lnx - Étude complète (ou presque),2025-01-10,https://www.youtube.com/watch?v=bzdMnivfCrs
Logarithmes,Hedacademy,LOGARITHME - ENSEMBLE DE DÉFINITION,2024-04-08,https://www.youtube.com/watch?v=-j-tZYFnQZk
Logarithmes,Hedacademy,LOGARITHME - Propriétés et équations,2015-12-21,https://www.youtube.com/watch?v=jBEePR6WlwE
Logarithmes,Hedacademy,LOGARITHME - CALCULER DES FONCTIONS DÉRIVÉES,2024-04-11,https://www.youtube.com/watch?v=9Alp8ulyBWg
Logarithmes,Hedacademy,ÉQUATION ❶ LOGARITHME : ln(3x-1) + ln2 = ln(x+8),2025-01-08,https://www.youtube.com/watch?v=g1Gst2roWQE
Logarithmes,Hedacademy,Logarithme : CARTE D&#39;IDENTITÉ 🪪,2025-01-07,https://www.youtube.com/watch?v=CH_jvNgThb8
Représentation graphique des données,Yvan Monka,Représenter graphiquement une suite - Première,2014-11-25,https://www.youtube.com/watch?v=VpSK4uLTFhM
Représentation graphique des données,Yvan Monka,Représenter un nuage de points et déterminer le point moyen - Première - Terminale,2020-06-20,https://www.youtube.com/watch?v=Nn6uckb3RvE
Représentation graphique des données,Yvan Monka,Représenter graphiquement une situation de proportionnalité - Quatrième,2015-08-08,https://www.youtube.com/watch?v=Ta0fHOtLJKw
Représentation graphique des données,Yvan Monka,Représenter des données dans un GRAPHIQUE - CM2 / Sixième,2024-09-20,https://www.youtube.com/watch?v=qGM1V5Z-roo
Représentation graphique des données,Yvan Monka,Représenter un graphique - Quatrième,2021-04-28,https://www.youtube.com/watch?v=MY1Z9EgXbZM
Représentation graphique des données,Yvan Monka,Déterminer graphiquement une fonction linéaire - Troisième,2014-12-30,https://www.youtube.com/watch?v=bgySp9gT8kA
Représentation graphique des données,Yvan Monka,Construire un histogramme - Troisième,2020-09-20,https://www.youtube.com/watch?v=BJMLHFmTMcE
Représentation graphique des données,Yvan Monka,Lire graphiquement une image ou un antécédent - Seconde,2014-11-05,https://www.youtube.com/watch?v=8cytzglu8yc
Représentation graphique des données,Yvan Monka,REPRÉSENTER graphiquement une FONCTION - Première,2023-03-07,https://www.youtube.com/watch?v=gPhyoY-d_VU
Représentation graphique des données,Yvan Monka,Construire un diagramme circulaire - Sixième - Cinquième,2015-08-22,https://www.youtube.com/watch?v=gpCY_3zq3bk
Représentation graphique des données,Hedacademy,Fonctions - Lecture graphique,2022-02-20,https://www.youtube.com/watch?v=W7pJPx9jDvI
Représentation graphique des données,Hedacademy,MAÎTRISER LES DIAGRAMMES !,2022-11-10,https://www.youtube.com/watch?v=jIjklZrVDto
Représentation graphique des données,Hedacademy,Asymptote à la courbe - Définition &amp; Application,2020-11-17,https://www.youtube.com/watch?v=4SzUib7QMdU
Représentation graphique des données,Hedacademy,1 min = 1 question du BREVET - LA MÉDIANE,2024-05-19,https://www.youtube.com/watch?v=G4-8gR51Scw
Représentation graphique des données,Hedacademy,"MÉDIANE, MODE, ÉTENDUE... Tu les connais tous ?",2023-06-01,https://www.youtube.com/watch?v=q-O9ETTk-y8
Représentation graphique des données,Hedacademy,SANS CETTE MÉTHODE IL TE FAUT 2 JOURS POUR FAIRE LA QUESTION 😉,2024-11-18,https://www.youtube.com/watch?v=Nmz1cBJ5GeY
Représentation graphique des données,Hedacademy,COMPRENDRE LA MÉDIANE,2020-11-18,https://www.youtube.com/watch?v=_pDOVcVfrtU
Représentation graphique des données,Hedacademy,Déterminer l&#39;équation d&#39;une droite,2017-12-10,https://www.youtube.com/watch?v=e8W6vk_xrgA
Représentation graphique des données,Hedacademy,Qu&#39;est-ce que la proportionnalité ?,2020-01-19,https://www.youtube.com/watch?v=YQx6EFCRnqI
Représentation graphique des données,Hedacademy,Statistiques - Exercice complet - 3ème,2016-02-23,https://www.youtube.com/watch?v=VVzy5Qk3FRQ
Mesures de tendance centrale,Yvan Monka,LE COURS : Statistiques (1) - Seconde,2020-08-05,https://www.youtube.com/watch?v=dZ1arqz41Bg
Mesures de tendance centrale,Yvan Monka,Déterminer une MÉDIANE dans un tableau - Quatrième,2022-08-30,https://www.youtube.com/watch?v=lv9ZJ8dGn54
Mesures de tendance centrale,Yvan Monka,Déterminer une MÉDIANE dans une liste  (2) - Seconde,2014-12-02,https://www.youtube.com/watch?v=g1OCTw--VYQ
Mesures de tendance centrale,Yvan Monka,Calculer la variance et l&#39;écart-type - Seconde,2014-12-03,https://www.youtube.com/watch?v=CiFoBkipJQk
Mesures de tendance centrale,Hedacademy,"MÉDIANE, MODE, ÉTENDUE... Tu les connais tous ?",2023-06-01,https://www.youtube.com/watch?v=q-O9ETTk-y8
Mesures de tendance centrale,Hedacademy,1 min = 1 question du BREVET - LA MÉDIANE,2024-05-19,https://www.youtube.com/watch?v=G4-8gR51Scw
Mesures de tendance centrale,Hedacademy,Calculer le coefficient directeur d&#39;une droite,2026-03-31,https://www.youtube.com/watch?v=6fxdyJBLHn8
Les quartiles,Yvan Monka,Calculer les quartiles (1) - Seconde,2014-12-31,https://www.youtube.com/watch?v=Yjh-9nMVmEw
Les quartiles,Yvan Monka,Calculer l&#39;écart interquartile - Seconde,2014-12-03,https://www.youtube.com/watch?v=IjsDK0ODwlw
Les quartiles,Yvan Monka,"EXERCICE : Calculer une moyenne, une médiane, des quartiles - Seconde",2015-04-12,https://www.youtube.com/watch?v=qKrgLZKGE8o
Les quartiles,Yvan Monka,Calculer les quartiles (2) - Seconde,2014-11-14,https://www.youtube.com/watch?v=2jbpNjXMdSA
Les quartiles,Yvan Monka,Construire un diagramme en boîte - Seconde,2014-12-03,https://www.youtube.com/watch?v=la7c0Yf8VyM
Les quartiles,Yvan Monka,"EXERCICE : Calculer l&#39;étendue, la médiane et les quartiles - Seconde",2015-04-25,https://www.youtube.com/watch?v=JLGsiS76kSw
Les quartiles,Yvan Monka,LE COURS : Statistiques (1) - Seconde,2020-08-05,https://www.youtube.com/watch?v=dZ1arqz41Bg
Les quartiles,Yvan Monka,Déterminer une MÉDIANE dans un tableau - Quatrième,2022-08-30,https://www.youtube.com/watch?v=lv9ZJ8dGn54
Les quartiles,Yvan Monka,Déterminer une MÉDIANE dans une liste  (2) - Seconde,2014-12-02,https://www.youtube.com/watch?v=g1OCTw--VYQ
Les quartiles,Yvan Monka,Calculer la variance et l&#39;écart-type - Seconde,2014-12-03,https://www.youtube.com/watch?v=CiFoBkipJQk
Les quartiles,Hedacademy,"MÉDIANE, MODE, ÉTENDUE... Tu les connais tous ?",2023-06-01,https://www.youtube.com/watch?v=q-O9ETTk-y8
Les quartiles,Hedacademy,"Médiane, Q1 &amp; Q3. TOUT COMPRENDRE",2026-04-14,https://www.youtube.com/watch?v=NFbENY72gBk
Les quartiles,Hedacademy,1 min = 1 question du BREVET - LA MÉDIANE,2024-05-19,https://www.youtube.com/watch?v=G4-8gR51Scw
Les quartiles,Hedacademy,Statistiques - Exercice complet - 3ème,2016-02-23,https://www.youtube.com/watch?v=VVzy5Qk3FRQ
Les quartiles,Hedacademy,"Calculer MOYENNE, MÉDIANE &amp; ÉTENDUE",2026-04-22,https://www.youtube.com/watch?v=wUsl0Yj84gM
Les quartiles,Hedacademy,COMPRENDRE LA MÉDIANE,2020-11-18,https://www.youtube.com/watch?v=_pDOVcVfrtU
Les quartiles,Hedacademy,BREVET : calculer l’ÉTENDUE,2022-11-27,https://www.youtube.com/watch?v=spJ-KiPl6xE
Les quartiles,Hedacademy,Moyenne Vs Médiane,2020-11-25,https://www.youtube.com/watch?v=mVPqmomLlR0
Mesures de dispersion,Yvan Monka,Calculer la variance et l&#39;écart-type - Seconde,2014-12-03,https://www.youtube.com/watch?v=CiFoBkipJQk
Mesures de dispersion,Yvan Monka,Calculer l&#39;écart interquartile - Seconde,2014-12-03,https://www.youtube.com/watch?v=IjsDK0ODwlw
Mesures de dispersion,Yvan Monka,Calculer les quartiles (1) - Seconde,2014-12-31,https://www.youtube.com/watch?v=Yjh-9nMVmEw
Mesures de dispersion,Yvan Monka,LE COURS : Statistiques - Troisième,2018-05-23,https://www.youtube.com/watch?v=-7Db42jJRuo
Mesures de dispersion,Yvan Monka,LE COURS : Statistiques (1) - Seconde,2020-08-05,https://www.youtube.com/watch?v=dZ1arqz41Bg
Mesures de dispersion,Yvan Monka,Calculer un coefficient de corrélation - Terminale,2020-06-20,https://www.youtube.com/watch?v=FxREenh3fgE
Mesures de dispersion,Yvan Monka,Construire un diagramme en boîte - Seconde,2014-12-03,https://www.youtube.com/watch?v=la7c0Yf8VyM
Mesures de dispersion,Yvan Monka,Calculer les quartiles (2) - Seconde,2014-11-14,https://www.youtube.com/watch?v=2jbpNjXMdSA
Mesures de dispersion,Hedacademy,"MÉDIANE, MODE, ÉTENDUE... Tu les connais tous ?",2023-06-01,https://www.youtube.com/watch?v=q-O9ETTk-y8
Mesures de dispersion,Hedacademy,1 min = 1 question du BREVET - LA MÉDIANE,2024-05-19,https://www.youtube.com/watch?v=G4-8gR51Scw
Mesures de forme,Yvan Monka,Faire 2 carrés avec 3 allumettes !,2021-12-01,https://www.youtube.com/watch?v=qeIu3SRNYs0
Mesures de forme,Yvan Monka,Déterminer la mesure principale d&#39;un angle - Première,2017-03-30,https://www.youtube.com/watch?v=BODMdi2S3rY
Mesures de forme,Yvan Monka,LE COURS : Statistiques - Troisième,2018-05-23,https://www.youtube.com/watch?v=-7Db42jJRuo
Mesures de forme,Yvan Monka,Représenter un nuage de points et déterminer le point moyen - Première - Terminale,2020-06-20,https://www.youtube.com/watch?v=Nn6uckb3RvE
Mesures de forme,Yvan Monka,Utiliser les angles alternes-internes - Cinquième,2015-12-28,https://www.youtube.com/watch?v=v7XmtQhOP9I
Mesures de forme,Yvan Monka,Calculer la variance et l&#39;écart-type - Seconde,2014-12-03,https://www.youtube.com/watch?v=CiFoBkipJQk
Mesures de forme,Yvan Monka,Ecrire un nombre sous forme scientifique - Quatrième,2015-07-06,https://www.youtube.com/watch?v=tzhNCpLRtCY
Mesures de forme,Yvan Monka,Construire un diagramme circulaire - Sixième - Cinquième,2015-08-22,https://www.youtube.com/watch?v=gpCY_3zq3bk
Mesures de forme,Yvan Monka,LE COURS : Statistiques (1) - Seconde,2020-08-05,https://www.youtube.com/watch?v=dZ1arqz41Bg
Mesures de forme,Yvan Monka,Construire une médiatrice ou une hauteur - Cinquième,2015-08-22,https://www.youtube.com/watch?v=NYKW2MHECnQ
Mesures de forme,Hedacademy,"MÉDIANE, MODE, ÉTENDUE... Tu les connais tous ?",2023-06-01,https://www.youtube.com/watch?v=q-O9ETTk-y8
Mesures de forme,Hedacademy,TOUT CE QU&#39;IL FAUT SAVOIR SUR LES ANGLES - 5ᵉ,2024-12-07,https://www.youtube.com/watch?v=rYvndZlTBfA
Mesures de forme,Hedacademy,TOUS LES SOLIDES en 2 formules ! 🤩,2022-09-12,https://www.youtube.com/watch?v=eJ9_2ijYPME
Mesures de forme,Hedacademy,LES BASES DE LA GÉOMÉTRIE - CM2 / 6e,2024-12-15,https://www.youtube.com/watch?v=ZmYiyAKWgAQ
Mesures de forme,Hedacademy,PÉRIMÈTRE : LES FORMULES À CONNAÎTRE 6ᵉ / 5ᵉ,2024-09-28,https://www.youtube.com/watch?v=-7gswbsnf3o
Mesures de forme,Hedacademy,BREVET - Trouve cet angle !,2022-11-07,https://www.youtube.com/watch?v=vcgJFKyAgso
Mesures de forme,Hedacademy,1 minute pour calculer le périmètre d&#39;un cercle,2021-01-06,https://www.youtube.com/watch?v=KIg0armGkwE
Mesures de forme,Hedacademy,1 min = 1 question du BREVET - LA MÉDIANE,2024-05-19,https://www.youtube.com/watch?v=G4-8gR51Scw
Mesures de forme,Hedacademy,TRIGONOMÉTRIE : Mesure principale,2022-03-19,https://www.youtube.com/watch?v=IQGvZ0mJ0c8
Mesures de forme,Hedacademy,1 minute pour calculer l&#39;aire d&#39;un carré et d&#39;un rectangle,2021-01-04,https://www.youtube.com/watch?v=UCd5hm4NMN4
Boîte à moustaches ou box plot,Yvan Monka,Construire un diagramme en boîte - Seconde,2014-12-03,https://www.youtube.com/watch?v=la7c0Yf8VyM
Boîte à moustaches ou box plot,Yvan Monka,STAT : Afficher un diagramme en boite - Tutoriel CASIO,2015-02-08,https://www.youtube.com/watch?v=Q6LvfjZOok0
Boîte à moustaches ou box plot,Yvan Monka,STAT : Afficher un diagramme en boite - Tutoriel TI,2015-02-08,https://www.youtube.com/watch?v=unWdJBWXFtA
Boîte à moustaches ou box plot,Yvan Monka,STAT : Afficher un diagramme en boite - Tutoriel HP Prime,2015-12-12,https://www.youtube.com/watch?v=6nb_3ZVrM5I
Boîte à moustaches ou box plot,Yvan Monka,Calculer les quartiles (1) - Seconde,2014-12-31,https://www.youtube.com/watch?v=Yjh-9nMVmEw
Boîte à moustaches ou box plot,Yvan Monka,QCM : Les statistiques - Première,2016-08-27,https://www.youtube.com/watch?v=qaIM5vcEgQE
Boîte à moustaches ou box plot,Yvan Monka,STAT : Afficher les caractéristiques statistiques - Tutoriel HP Prime,2015-12-12,https://www.youtube.com/watch?v=jkCvjqJQx-w
Données bivariées,Yvan Monka,Calculer un coefficient de corrélation - Terminale,2020-06-20,https://www.youtube.com/watch?v=FxREenh3fgE
Données bivariées,Yvan Monka,Représenter un nuage de points et déterminer le point moyen - Première - Terminale,2020-06-20,https://www.youtube.com/watch?v=Nn6uckb3RvE
Données bivariées,Yvan Monka,Calculer une fréquence conditionnelle ou marginale - Seconde,2019-06-20,https://www.youtube.com/watch?v=SkhjnCoExD8
Série statistique double,Yvan Monka,Représenter un nuage de points et déterminer le point moyen - Première - Terminale,2020-06-20,https://www.youtube.com/watch?v=Nn6uckb3RvE
Série statistique double,Yvan Monka,Calculer un coefficient de corrélation - Terminale,2020-06-20,https://www.youtube.com/watch?v=FxREenh3fgE
Série statistique double,Yvan Monka,LE COURS : Statistiques - Troisième,2018-05-23,https://www.youtube.com/watch?v=-7Db42jJRuo
Série statistique double,Yvan Monka,LE COURS : Statistiques (1) - Seconde,2020-08-05,https://www.youtube.com/watch?v=dZ1arqz41Bg
Série statistique double,Yvan Monka,Déterminer la droite d&#39;ajustement par la méthode des 2 points moyens - Première - Terminale,2020-12-15,https://www.youtube.com/watch?v=ESHY4QPgriw
Série statistique double,Yvan Monka,Calculer les quartiles (1) - Seconde,2014-12-31,https://www.youtube.com/watch?v=Yjh-9nMVmEw
Série statistique double,Yvan Monka,Calculer la variance et l&#39;écart-type - Seconde,2014-12-03,https://www.youtube.com/watch?v=CiFoBkipJQk
Série statistique double,Yvan Monka,Déterminer une MÉDIANE dans un tableau - Quatrième,2022-08-30,https://www.youtube.com/watch?v=lv9ZJ8dGn54
Série statistique double,Yvan Monka,LE COURS : Statistiques - Quatrième,2020-10-21,https://www.youtube.com/watch?v=DtJAwfouGfY
Série statistique double,Yvan Monka,Calculer une probabilité à l&#39;aide d&#39;un tableau à double entrée (2 épreuves) - Troisième,2020-11-22,https://www.youtube.com/watch?v=5DGQ-49xzgI
Série statistique double,Hedacademy,1 min = 1 question du BREVET - LA MÉDIANE,2024-05-19,https://www.youtube.com/watch?v=G4-8gR51Scw
Série statistique double,Hedacademy,Statistiques - Exercice complet - 3ème,2016-02-23,https://www.youtube.com/watch?v=VVzy5Qk3FRQ
Série statistique double,Hedacademy,Les intégrales,2017-04-03,https://www.youtube.com/watch?v=utM8TKG90r8
Série statistique double,Hedacademy,QUESTION ADORABLE DU BREVET - Probabilités,2022-11-17,https://www.youtube.com/watch?v=a5DERXep8OA
Série statistique double,Hedacademy,Puissances au Brevet - Un classique,2024-06-14,https://www.youtube.com/watch?v=q8cLJ2luzso
Série statistique double,Hedacademy,HOMOTHÉTIES - TOUT comprendre,2025-01-15,https://www.youtube.com/watch?v=Va1xV68KzcU
Série statistique double,Hedacademy,1 min = 1 question du BREVET - PROBABILITÉS,2024-05-27,https://www.youtube.com/watch?v=fU-DJ_cDmT8
Série statistique double,Hedacademy,BREVET - Calculer une MOYENNE,2022-11-18,https://www.youtube.com/watch?v=p67koOKeGFE
Série statistique double,Hedacademy,1 minute pour calculer un pourcentage,2021-01-03,https://www.youtube.com/watch?v=uCdxTYmNxeQ
Série statistique double,Hedacademy,Pourcentage : Augmentation/diminution,2022-02-11,https://www.youtube.com/watch?v=EOLkTQCVThk
Différentes approches des probabilités,Yvan Monka,LE COURS : Probabilités - Troisième,2020-11-23,https://www.youtube.com/watch?v=CBtj0nLx-N4
Différentes approches des probabilités,Yvan Monka,Faire 2 carrés avec 3 allumettes !,2021-12-01,https://www.youtube.com/watch?v=qeIu3SRNYs0
Différentes approches des probabilités,Yvan Monka,Effectuer des calculs de fractions (1) - Troisième,2020-08-23,https://www.youtube.com/watch?v=Z86gfJOKgBg
Différentes approches des probabilités,Yvan Monka,LE COURS : La fonction exponentielle - Première,2020-06-07,https://www.youtube.com/watch?v=aD03wqgxexk
Différentes approches des probabilités,Yvan Monka,Calculer des fréquences - Cinquième,2015-08-22,https://www.youtube.com/watch?v=MwNV5eCBFrI
Différentes approches des probabilités,Yvan Monka,LE COURS - Les ensembles de nombres,2017-05-28,https://www.youtube.com/watch?v=kL-eMNZiARM
Différentes approches des probabilités,Yvan Monka,LE COURS : Statistiques - Troisième,2018-05-23,https://www.youtube.com/watch?v=-7Db42jJRuo
Différentes approches des probabilités,Yvan Monka,LE COURS : Notion de fonction - Troisième - Seconde,2017-05-22,https://www.youtube.com/watch?v=E4SY8_L-DTA
Différentes approches des probabilités,Yvan Monka,LE COURS : Les nombres complexes - Terminale - Maths expertes,2017-05-01,https://www.youtube.com/watch?v=ABo2m52oEYw
Différentes approches des probabilités,Yvan Monka,Calculer la variance et l&#39;écart-type - Seconde,2014-12-03,https://www.youtube.com/watch?v=CiFoBkipJQk
Différentes approches des probabilités,Hedacademy,Probabilités - Le cours,2018-02-02,https://www.youtube.com/watch?v=uTf3CPIs9sM
Différentes approches des probabilités,Hedacademy,COMPRENDRE LES LIMITES DE FONCTIONS - Term Spé,2025-02-10,https://www.youtube.com/watch?v=wV_V1EiI3eI
Différentes approches des probabilités,Hedacademy,BREVET - FONCTIONS,2022-11-19,https://www.youtube.com/watch?v=76zaU_DeK8k
Différentes approches des probabilités,Hedacademy,PROPRIÉTÉS DE L&#39;EXPONENTIELLE,2025-03-14,https://www.youtube.com/watch?v=r4OjTqavGsw
Différentes approches des probabilités,Hedacademy,LES FONCTIONS AU BREVET,2023-05-29,https://www.youtube.com/watch?v=eF5gAed4Y3E
Différentes approches des probabilités,Hedacademy,Fonctions affines et linéaires,2022-02-21,https://www.youtube.com/watch?v=5ocIH2UJabk
Différentes approches des probabilités,Hedacademy,1 minute pour appliquer le théorème de Pythagore,2021-02-14,https://www.youtube.com/watch?v=XVHkUmnFWxg
Différentes approches des probabilités,Hedacademy,Comprendre les fractions en 1 minute.,2020-12-08,https://www.youtube.com/watch?v=EqzgQb9vdN0
Différentes approches des probabilités,Hedacademy,POUR QUE LA FONCTION EXISTE,2023-12-17,https://www.youtube.com/watch?v=90tHHKOtxUU
Différentes approches des probabilités,Hedacademy,Fonctions - Lecture graphique,2022-02-20,https://www.youtube.com/watch?v=W7pJPx9jDvI
Probabilités conditionnelles,Yvan Monka,LE COURS : Probabilités conditionnelles - Première/Terminale,2017-06-05,https://www.youtube.com/watch?v=5oBnmZVrOXE
Probabilités conditionnelles,Yvan Monka,Calculer une probabilité conditionnelle à l&#39;aide d&#39;un tableau (1) - Seconde,2019-06-20,https://www.youtube.com/watch?v=7tS60nk6Z2I
Probabilités conditionnelles,Yvan Monka,Calculer une probabilité conditionnelle à l&#39;aide de la formule,2019-06-20,https://www.youtube.com/watch?v=FR49wu-pVmE
Probabilités conditionnelles,Yvan Monka,Calculer une probabilité conditionnelle (Tableau) - Première - Terminale,2014-12-14,https://www.youtube.com/watch?v=JEL4hxtnw0Q
Probabilités conditionnelles,Yvan Monka,Calculer une probabilité conditionnelle à l&#39;aide d&#39;un tableau (2) - Première,2019-06-20,https://www.youtube.com/watch?v=Shh5IdHwqqw
Probabilités conditionnelles,Yvan Monka,LE COURS : Probabilités conditionnelles - Seconde,2026-07-30,https://www.youtube.com/watch?v=eE90_sgdCG0
Probabilités conditionnelles,Yvan Monka,Prépare ton BAC : Probabilités conditionnelles,2021-03-19,https://www.youtube.com/watch?v=GufeEqAeav8
Probabilités conditionnelles,Yvan Monka,Prépare ton BAC : Probabilités conditionnelles,2021-03-19,https://www.youtube.com/watch?v=8QoucS-A3SE
Probabilités conditionnelles,Yvan Monka,Calculer une probabilité conditionnelle (Formule) - Seconde,2015-09-08,https://www.youtube.com/watch?v=SWmkdKxXf_I
Probabilités conditionnelles,Yvan Monka,Compléter un arbre pondéré (proba conditionnelle) - Seconde,2023-03-07,https://www.youtube.com/watch?v=o1HQ6xJ7o4U
Probabilités conditionnelles,Hedacademy,PROBABILITÉS - Maîtriser les arbres !,2022-03-07,https://www.youtube.com/watch?v=R8bjZpJFeHg
Probabilités conditionnelles,Hedacademy,PROBABILITÉS CONDITIONNELLES - Tableau,2026-03-11,https://www.youtube.com/watch?v=2wsSxOlkSqw
Probabilités conditionnelles,Hedacademy,Probabilités conditionnelles : Maîtriser les arbres !,2017-03-29,https://www.youtube.com/watch?v=2oIfFutAZyw
Probabilités conditionnelles,Hedacademy,PROBABILITÉS - Evénements indépendants,2022-03-11,https://www.youtube.com/watch?v=TqaAxnld66M
Probabilités conditionnelles,Hedacademy,Probabilités Conditionnelles - Maîtriser la formule,2019-11-22,https://www.youtube.com/watch?v=m4pNdXJPo6g
Probabilités conditionnelles,Hedacademy,MAÎTRISER UNION ET INTERSECTION,2023-03-04,https://www.youtube.com/watch?v=9XSRzUGu-7k
Probabilités conditionnelles,Hedacademy,BINOMIALE - LE CLASSIQUE À MAÎTRISER - Term Spé,2025-04-02,https://www.youtube.com/watch?v=89AUsOJ0o4A
Probabilités conditionnelles,Hedacademy,QUESTION ADORABLE DU BREVET - Probabilités,2022-11-17,https://www.youtube.com/watch?v=a5DERXep8OA
Probabilités conditionnelles,Hedacademy,Probabilité d&#39;obtenir &quot;Au moins 1 six&quot;,2023-04-24,https://www.youtube.com/watch?v=tVN4a9WmIxw
Probabilités conditionnelles,Hedacademy,Variable aléatoire X,2020-11-10,https://www.youtube.com/watch?v=MA0ox9nvgxM
Variables aléatoires,Yvan Monka,LE COURS : Variables aléatoires - Première,2020-08-19,https://www.youtube.com/watch?v=krbtyBDeRqQ
Variables aléatoires,Yvan Monka,LE COURS : Somme de variables aléatoires - Terminale,2023-06-10,https://www.youtube.com/watch?v=GweMOVratYI
Variables aléatoires,Yvan Monka,Calculer une probabilité avec une variable aléatoire (1) - Première,2020-08-21,https://www.youtube.com/watch?v=IBqkrg8pxQ4
Variables aléatoires,Yvan Monka,Déterminer la loi de probabilité d&#39;une variable aléatoire (1) - Première,2014-12-03,https://www.youtube.com/watch?v=2Ge_4hclPnI
Variables aléatoires,Yvan Monka,"Calculer espérance, variance et écart-type d&#39;une variable aléatoire moyenne - Terminale",2020-06-20,https://www.youtube.com/watch?v=o67OOavrbHQ
Variables aléatoires,Yvan Monka,Calculer espérance et variance d&#39;une somme de variables aléatoires - Terminale,2023-06-08,https://www.youtube.com/watch?v=19nVXFHbmjU
Variables aléatoires,Yvan Monka,Déterminer la loi d’une somme de variables aléatoires - Terminale,2020-06-20,https://www.youtube.com/watch?v=0l7tz8oGh-s
Variables aléatoires,Yvan Monka,Calculer espérance et variance d&#39;une somme de variables aléatoires - Terminale,2020-06-20,https://www.youtube.com/watch?v=fRYVMQk3bQQ
Variables aléatoires,Yvan Monka,Calculer une probabilité avec une variable aléatoire (2) - Première,2020-08-21,https://www.youtube.com/watch?v=OnD_Ym95Px4
Variables aléatoires,Yvan Monka,Calculer une probabilité à l&#39;aide d&#39;une variable aléatoire - Première,2019-06-20,https://www.youtube.com/watch?v=7_1RF91u4I8
Variables aléatoires,Hedacademy,Variable aléatoire X,2020-11-10,https://www.youtube.com/watch?v=MA0ox9nvgxM
Variables aléatoires,Hedacademy,SOMME DE VARIABLES ALÉATOIRES - Term Spé,2026-02-18,https://www.youtube.com/watch?v=zTY8CJfOrjA
Variables aléatoires,Hedacademy,Espérance d&#39;une variable aléatoire,2019-09-29,https://www.youtube.com/watch?v=mP2IqYSb1XU
Variables aléatoires,Hedacademy,BINOMIALE - LE CLASSIQUE À MAÎTRISER - Term Spé,2025-04-02,https://www.youtube.com/watch?v=89AUsOJ0o4A
Variables aléatoires,Hedacademy,La loi binomiale,2017-01-11,https://www.youtube.com/watch?v=b5CvD5uBYTg
Variables aléatoires,Hedacademy,La probabilité d&#39;avoir au moins un 6 au dé,2025-12-13,https://www.youtube.com/watch?v=6wTHkZsQfRc
Variables aléatoires,Hedacademy,Probabilités - Le cours,2018-02-02,https://www.youtube.com/watch?v=uTf3CPIs9sM
Variables aléatoires,Hedacademy,QUESTION ADORABLE DU BREVET - Probabilités,2022-11-17,https://www.youtube.com/watch?v=a5DERXep8OA
Variables aléatoires,Hedacademy,AVOIR TOUT BON À UN QCM SI ON RÉPOND AU HASARD 🤔,2024-04-23,https://www.youtube.com/watch?v=RIAM9-ThB_Q
Variables aléatoires,Hedacademy,PROBABILITÉS - Maîtriser les arbres !,2022-03-07,https://www.youtube.com/watch?v=R8bjZpJFeHg
Inférence statistique,Yvan Monka,Estimer une proportion à l&#39;aide d&#39;un intervalle de confiance (1) - PostBac,2014-12-20,https://www.youtube.com/watch?v=cU5cJlCVAM8
Inférence statistique,Yvan Monka,Utiliser la loi normale - PostBac,2014-12-18,https://www.youtube.com/watch?v=obbgLyTmgsY
Inférence statistique,Yvan Monka,Déterminer un intervalle de fluctuation - PostBac,2014-12-06,https://www.youtube.com/watch?v=o6bHRO9vHjc
Inférence statistique,Yvan Monka,Loi normale : Déterminer une espérance ou un écart-type - PostBac,2015-06-13,https://www.youtube.com/watch?v=OSqcC7jGmRg
Inférence statistique,Yvan Monka,LE COURS : Probabilités conditionnelles - Première/Terminale,2017-06-05,https://www.youtube.com/watch?v=5oBnmZVrOXE
Inférence statistique,Yvan Monka,Calculer une probabilité associée à une épreuve de Bernoulli - Première Techno,2019-06-20,https://www.youtube.com/watch?v=d8YAbeWou1E
Inférence statistique,Yvan Monka,Démontrer que deux évènements sont indépendants - Première - Terminale,2022-10-03,https://www.youtube.com/watch?v=OPuoB5EuOAQ
Inférence statistique,Yvan Monka,LE COURS : Loi binomiale - Terminale,2020-10-21,https://www.youtube.com/watch?v=xMmfPUoBTtM
Inférence statistique,Hedacademy,1 min = 1 question du BREVET - LA MÉDIANE,2024-05-19,https://www.youtube.com/watch?v=G4-8gR51Scw
Estimation,Yvan Monka,Estimer une proportion à l&#39;aide d&#39;un intervalle de confiance (1) - PostBac,2014-12-20,https://www.youtube.com/watch?v=cU5cJlCVAM8
Estimation,Yvan Monka,Estimer une probabilité par échantillonnage - Seconde,2019-08-13,https://www.youtube.com/watch?v=EXEcSJE31QY
Estimation,Yvan Monka,Déterminer la taille d&#39;un échantillon - PostBac,2014-12-20,https://www.youtube.com/watch?v=ogmMVpkBVgs
Estimation,Yvan Monka,Prendre une décision à l&#39;aide d&#39;un échantillon - PostBac,2014-11-15,https://www.youtube.com/watch?v=BllBtFIVUAY
Estimation,Yvan Monka,Estimer une probabilité à l&#39;aide de la loi des grands nombres - Seconde,2026-07-30,https://www.youtube.com/watch?v=mFwXs_EMYes
Estimation,Yvan Monka,Intervalle de FLUCTUATION  V.S. Intervalle de CONFIANCE - PostBac,2016-06-12,https://www.youtube.com/watch?v=97vzxWsyie8
Estimation,Yvan Monka,Le calcul le plus nul au Monde !,2021-03-07,https://www.youtube.com/watch?v=Vdjr06gZdVA
Estimation,Yvan Monka,Calculer un coefficient de corrélation - Terminale,2020-06-20,https://www.youtube.com/watch?v=FxREenh3fgE
Estimation,Yvan Monka,EXERCICE : Estimer une proportion - PostBac,2015-04-15,https://www.youtube.com/watch?v=wTzIU9ywShE
Estimation,Yvan Monka,Déterminer un intervalle de fluctuation - PostBac,2014-12-06,https://www.youtube.com/watch?v=o6bHRO9vHjc
Estimation,Hedacademy,Calculer 86 × 26 en 10 secondes !,2023-06-13,https://www.youtube.com/watch?v=3g8Ubuo6Mjk
Estimation,Hedacademy,UN CALCUL MAGIQUE 🤩,2023-12-05,https://www.youtube.com/watch?v=zczCzA7Eoe4
Estimation,Hedacademy,CALCULER 52² - 48² en 10 secondes !,2025-01-18,https://www.youtube.com/watch?v=sFh7ksnv7Ak
Estimation,Hedacademy,Tu as 10 secondes pour ce calcul 🫵,2024-05-24,https://www.youtube.com/watch?v=c-SRUGlxC48
Estimation,Hedacademy,LA MEILLEURE ASTUCE DE CALCUL 😍,2024-11-06,https://www.youtube.com/watch?v=aal5rOKkkOQ
Estimation,Hedacademy,MA TECHNIQUE PRÉFÉRÉE DES POURCENTAGES 😍,2023-11-13,https://www.youtube.com/watch?v=bX35c60Lgs8
Estimation,Hedacademy,LIMITES DE FONCTIONS : LES FORMES INDÉTERMINÉES - Term Spé,2025-02-11,https://www.youtube.com/watch?v=N_do5XPz6AQ
Estimation,Hedacademy,LE CALCUL DU JOUR 5 ÷ √5,2024-06-18,https://www.youtube.com/watch?v=OXUPq5dA0NY
Estimation,Hedacademy,Connais-tu cette astuce des pourcentages?,2021-05-17,https://www.youtube.com/watch?v=705DTS0Dme8
Estimation,Hedacademy,UN CALCUL D&#39;ANGLE SYMPATHIQUE,2022-12-18,https://www.youtube.com/watch?v=ZdiwYPl2xxo
Intervalle de confiance,Yvan Monka,Estimer une proportion à l&#39;aide d&#39;un intervalle de confiance (1) - PostBac,2014-12-20,https://www.youtube.com/watch?v=cU5cJlCVAM8
Intervalle de confiance,Yvan Monka,Intervalle de FLUCTUATION  V.S. Intervalle de CONFIANCE - PostBac,2016-06-12,https://www.youtube.com/watch?v=97vzxWsyie8
Intervalle de confiance,Yvan Monka,Estimer une proportion à l&#39;aide d&#39;un intervalle de confiance (2) - PostBac,2014-11-16,https://www.youtube.com/watch?v=mo1Vb60Iho8
Intervalle de confiance,Yvan Monka,EXERCICE : Estimer une proportion - PostBac,2015-04-15,https://www.youtube.com/watch?v=wTzIU9ywShE
Intervalle de confiance,Yvan Monka,Déterminer un intervalle de fluctuation - PostBac,2014-12-06,https://www.youtube.com/watch?v=o6bHRO9vHjc
Intervalle de confiance,Yvan Monka,Déterminer un intervalle de fluctuation asymptotique - PostBac,2014-12-20,https://www.youtube.com/watch?v=k_Q2FN07jQ0
Intervalle de confiance,Yvan Monka,Prendre une décision à l&#39;aide d&#39;un intervalle de fluctuation - PostBac,2014-12-20,https://www.youtube.com/watch?v=QZ0YFthGI0Y
Intervalle de confiance,Yvan Monka,Déterminer un intervalle de fluctuation - PostBac,2014-12-06,https://www.youtube.com/watch?v=kLF4CRMMT8s
Intervalle de confiance,Yvan Monka,BAC S Maths - Pondichery 2015 - Exercice 3 (Loi de proba),2015-06-04,https://www.youtube.com/watch?v=-XKoURavZFM
Intervalle de confiance,Yvan Monka,Déterminer la taille d&#39;un échantillon - PostBac,2014-12-20,https://www.youtube.com/watch?v=ogmMVpkBVgs
Intervalle de confiance,Hedacademy,Intervalle de Fluctuation,2017-05-26,https://www.youtube.com/watch?v=ycWtHDGTLmM
Intervalle de confiance,Hedacademy,BAC ES 2016 Pondichéry - Exercice 1,2016-04-22,https://www.youtube.com/watch?v=Pmm6MkwmPlM
Intervalle de confiance,Hedacademy,FONCTIONS : Ensemble de définition,2020-01-05,https://www.youtube.com/watch?v=VZ4XNCPLo9w
Intervalle de confiance,Hedacademy,Probabilités Conditionnelles - Maîtriser la formule,2019-11-22,https://www.youtube.com/watch?v=m4pNdXJPo6g
Intervalle de confiance,Hedacademy,"MÉDIANE, MODE, ÉTENDUE... Tu les connais tous ?",2023-06-01,https://www.youtube.com/watch?v=q-O9ETTk-y8
Intervalle de confiance,Hedacademy,1 min = 1 question du BREVET - LA MÉDIANE,2024-05-19,https://www.youtube.com/watch?v=G4-8gR51Scw
Intervalle de confiance,Hedacademy,🎓 BAC : OBJECTIF 16/20 💪,2026-05-25,https://www.youtube.com/watch?v=ro84UVY9uvk
Intervalle de fluctuation,Yvan Monka,Déterminer un intervalle de fluctuation - PostBac,2014-12-06,https://www.youtube.com/watch?v=o6bHRO9vHjc
Intervalle de fluctuation,Yvan Monka,Intervalle de FLUCTUATION  V.S. Intervalle de CONFIANCE - PostBac,2016-06-12,https://www.youtube.com/watch?v=97vzxWsyie8
Intervalle de fluctuation,Yvan Monka,Prendre une décision à l&#39;aide d&#39;un intervalle de fluctuation - PostBac,2014-12-20,https://www.youtube.com/watch?v=QZ0YFthGI0Y
Intervalle de fluctuation,Yvan Monka,Déterminer un intervalle de fluctuation asymptotique - PostBac,2014-12-20,https://www.youtube.com/watch?v=k_Q2FN07jQ0
Intervalle de fluctuation,Yvan Monka,Déterminer un intervalle de fluctuation - PostBac,2014-12-06,https://www.youtube.com/watch?v=kLF4CRMMT8s
Intervalle de fluctuation,Yvan Monka,EXERCICE : Déterminer un intervalle de fluctuation et prendre une décision - PostBac,2015-03-31,https://www.youtube.com/watch?v=L26gR5RK2t0
Intervalle de fluctuation,Yvan Monka,Estimer une proportion à l&#39;aide d&#39;un intervalle de confiance (1) - PostBac,2014-12-20,https://www.youtube.com/watch?v=cU5cJlCVAM8
Intervalle de fluctuation,Yvan Monka,Prendre une décision à l&#39;aide d&#39;un échantillon - PostBac,2014-11-15,https://www.youtube.com/watch?v=BllBtFIVUAY
Intervalle de fluctuation,Yvan Monka,Estimer une proportion à l&#39;aide d&#39;un intervalle de confiance (2) - PostBac,2014-11-16,https://www.youtube.com/watch?v=mo1Vb60Iho8
Intervalle de fluctuation,Yvan Monka,Prendre une décision à l&#39;aide d&#39;une fréquence - PostBac,2014-12-06,https://www.youtube.com/watch?v=cxMdYBvywK0
Intervalle de fluctuation,Hedacademy,Intervalle de Fluctuation,2017-05-26,https://www.youtube.com/watch?v=ycWtHDGTLmM
Intervalle de fluctuation,Hedacademy,BINOMIALE - LE CLASSIQUE À MAÎTRISER - Term Spé,2025-04-02,https://www.youtube.com/watch?v=89AUsOJ0o4A
Intervalle de fluctuation,Hedacademy,PRENDRE LE TRAMWAY PENDANT LA GRÈVE,2023-04-02,https://www.youtube.com/watch?v=aXqNKTJiovY
Intervalle de fluctuation,Hedacademy,Tournoi de 128 joueurs : combien de matchs disputés?,2020-09-20,https://www.youtube.com/watch?v=K-4_WB1nJWo
Intervalle de fluctuation,Hedacademy,BAC ES 2016 Pondichéry - Exercice 1,2016-04-22,https://www.youtube.com/watch?v=Pmm6MkwmPlM
Intervalle de fluctuation,Hedacademy,Fonction définie par une integrale,2017-05-23,https://www.youtube.com/watch?v=ljuO8SdXKJ0
Intervalle de fluctuation,Hedacademy,INTÉGRALE - Valeur moyenne d&#39;une fonction,2018-05-02,https://www.youtube.com/watch?v=qUnDLaT2I7A
Intervalle de fluctuation,Hedacademy,La loi binomiale,2017-01-11,https://www.youtube.com/watch?v=b5CvD5uBYTg
Intervalle de fluctuation,Hedacademy,Maîtriser la calculatrice pour le TVI,2016-10-10,https://www.youtube.com/watch?v=VZe8sz5T-7s
Intervalle de fluctuation,Hedacademy,Probabilités conditionnelles : Maîtriser les arbres !,2017-03-29,https://www.youtube.com/watch?v=2oIfFutAZyw
Test d'hypothèse,Yvan Monka,Estimer une proportion à l&#39;aide d&#39;un intervalle de confiance (1) - PostBac,2014-12-20,https://www.youtube.com/watch?v=cU5cJlCVAM8
Test d'hypothèse,Yvan Monka,Déterminer un intervalle de fluctuation - PostBac,2014-12-06,https://www.youtube.com/watch?v=o6bHRO9vHjc
Test d'hypothèse,Yvan Monka,Utiliser la loi normale - PostBac,2014-12-18,https://www.youtube.com/watch?v=obbgLyTmgsY
Test d'hypothèse,Yvan Monka,Déterminer un intervalle de fluctuation - PostBac,2014-12-06,https://www.youtube.com/watch?v=kLF4CRMMT8s
Test d'hypothèse,Yvan Monka,BAC S Maths - Pondichery 2015 - Exercice 3 (Loi de proba),2015-06-04,https://www.youtube.com/watch?v=-XKoURavZFM
Test d'hypothèse,Yvan Monka,QCM : Echantillonnage (2) - PostBac,2016-08-30,https://www.youtube.com/watch?v=w9z6cWwzz4E
Test d'hypothèse,Yvan Monka,Intervalle de FLUCTUATION  V.S. Intervalle de CONFIANCE - PostBac,2016-06-12,https://www.youtube.com/watch?v=97vzxWsyie8
Test d'hypothèse,Yvan Monka,Démontrer qu&#39;une fonction est une densité de probabilité - Terminale,2020-06-20,https://www.youtube.com/watch?v=r-8jxBaS7Ms
Test d'hypothèse,Yvan Monka,Utiliser une loi de probabilité à densité - Terminale,2014-12-18,https://www.youtube.com/watch?v=0Ry-2yLsANA
Test d'hypothèse,Yvan Monka,La conjecture de FERMAT,2022-04-08,https://www.youtube.com/watch?v=PG3qd1F8APg
Test d'hypothèse,Hedacademy,1 min = 1 question du BREVET - LA MÉDIANE,2024-05-19,https://www.youtube.com/watch?v=G4-8gR51Scw
Test d'hypothèse,Hedacademy,L&#39;EXERCICE QUI TOMBE CHAQUE ANNÉE AU BAC - Suites - Term Spé,2025-01-26,https://www.youtube.com/watch?v=ns-Hq9uVbS0
Test d'hypothèse,Hedacademy,1 minute pour appliquer le théorème de Pythagore,2021-02-14,https://www.youtube.com/watch?v=XVHkUmnFWxg
Test d'hypothèse,Hedacademy,L&#39;ÉNIGME DES 9 POINTS 🤔,2022-11-25,https://www.youtube.com/watch?v=DDQkAJIrcx4
Test d'hypothèse,Hedacademy,RAISONNEMENT PAR L&#39;ABSURDE,2023-01-22,https://www.youtube.com/watch?v=wWNGPOZdAnc
Test d'hypothèse,Hedacademy,5 minutes avant ton contrôle - Fiche sur Thalès,2021-01-04,https://www.youtube.com/watch?v=BGaPOB02ty0
Test d'hypothèse,Hedacademy,COMPRENDRE LES VECTEURS,2022-10-05,https://www.youtube.com/watch?v=nFHuglLbClc
Calcul du nombre de jours,Yvan Monka,Convertir les unités de temps - Sixième,2015-10-31,https://www.youtube.com/watch?v=ZV7VG7NzDwE
Calcul du nombre de jours,Yvan Monka,Années bissextiles : Comment ça marche ?,2016-04-04,https://www.youtube.com/watch?v=mywbPz3QL_A
Calcul du nombre de jours,Yvan Monka,Quel jour de la semaine es-tu né(e) ?,2017-04-17,https://www.youtube.com/watch?v=OV_4wN4jZS8
Calcul du nombre de jours,Yvan Monka,Convertir &quot;s&quot; en &quot;h-min-s&quot; - Sixième,2022-09-09,https://www.youtube.com/watch?v=5xtJtMGEQT8
Calcul du nombre de jours,Yvan Monka,Faire 2 carrés avec 3 allumettes !,2021-12-01,https://www.youtube.com/watch?v=qeIu3SRNYs0
Calcul du nombre de jours,Yvan Monka,Prépare le BREVET - Jour 1 : Nombres relatifs,2026-05-25,https://www.youtube.com/watch?v=LRRUb0PmBPI
Calcul du nombre de jours,Yvan Monka,Comprendre le système binaire,2017-04-17,https://www.youtube.com/watch?v=Tp6-w3j2MP4
Calcul du nombre de jours,Yvan Monka,Prépare le BREVET - Jour 4 : Développement,2026-05-31,https://www.youtube.com/watch?v=JFaQZQsFICU
Calcul du nombre de jours,Yvan Monka,Prépare le BREVET - Jour 3 : Puissances,2026-05-29,https://www.youtube.com/watch?v=_dTZe4sP0rw
Calcul du nombre de jours,Yvan Monka,EXERCICE : Convertir les UNITÉS DE TEMPS - Sixième,2023-08-27,https://www.youtube.com/watch?v=dgIkLTCEQww
Calcul du nombre de jours,Yvan Monka,Convertir les unités de temps - Sixième,2015-10-31,https://www.youtube.com/watch?v=ZV7VG7NzDwE
Calcul du nombre de jours,Yvan Monka,Années bissextiles : Comment ça marche ?,2016-04-04,https://www.youtube.com/watch?v=mywbPz3QL_A
Calcul du nombre de jours,Yvan Monka,Quel jour de la semaine es-tu né(e) ?,2017-04-17,https://www.youtube.com/watch?v=OV_4wN4jZS8
Calcul du nombre de jours,Yvan Monka,Convertir &quot;s&quot; en &quot;h-min-s&quot; - Sixième,2022-09-09,https://www.youtube.com/watch?v=5xtJtMGEQT8
Calcul du nombre de jours,Yvan Monka,Faire 2 carrés avec 3 allumettes !,2021-12-01,https://www.youtube.com/watch?v=qeIu3SRNYs0
Calcul du nombre de jours,Yvan Monka,Comprendre le système binaire,2017-04-17,https://www.youtube.com/watch?v=Tp6-w3j2MP4
Calcul du nombre de jours,Yvan Monka,Prépare le BREVET - Jour 1 : Nombres relatifs,2026-05-25,https://www.youtube.com/watch?v=LRRUb0PmBPI
Calcul du nombre de jours,Yvan Monka,Prépare le BREVET - Jour 4 : Développement,2026-05-31,https://www.youtube.com/watch?v=JFaQZQsFICU
Calcul du nombre de jours,Yvan Monka,Prépare le BREVET - Jour 3 : Puissances,2026-05-29,https://www.youtube.com/watch?v=_dTZe4sP0rw
Calcul du nombre de jours,Yvan Monka,Comment réussir en maths ?,2016-01-24,https://www.youtube.com/watch?v=lRr8ietiLRQ
Calcul du nombre de jours,Hedacademy,Connais-tu cette astuce des pourcentages?,2021-05-17,https://www.youtube.com/watch?v=705DTS0Dme8
Calcul du nombre de jours,Hedacademy,Les Suites - Calculer les premiers termes,2021-01-15,https://www.youtube.com/watch?v=OrdcdWpFKbs
Calcul du nombre de jours,Hedacademy,VITESSES : calculer un TEMPS ou une DISTANCE,2025-01-06,https://www.youtube.com/watch?v=4d0HrN1U-4U
Calcul du nombre de jours,Hedacademy,MAÎTRISES-TU CES 3 CALCULS DE POURCENTAGES ?,2024-03-03,https://www.youtube.com/watch?v=INzOI9ZwEhw
Calcul du nombre de jours,Hedacademy,Que vaut 50¹⁰⁰ / 100⁵⁰ ?,2021-05-29,https://www.youtube.com/watch?v=jWqz5FaOh0Y
Calcul du nombre de jours,Hedacademy,Combien y en a-t-il ?,2021-07-21,https://www.youtube.com/watch?v=2XQuHnWDegk
Calcul du nombre de jours,Hedacademy,COMMENT CALCULER UN POURCENTAGE RAPIDEMENT ?,2020-12-06,https://www.youtube.com/watch?v=AdVTmY3qRBM
Calcul du nombre de jours,Hedacademy,Combien de temps pour peindre ces maisons ?,2022-03-08,https://www.youtube.com/watch?v=fyThJh2Q1fM
Calcul du nombre de jours,Hedacademy,Quel jour serons-nous le 16 avril?,2021-06-06,https://www.youtube.com/watch?v=uBWHnTwUcdc
Calcul du nombre de jours,Hedacademy,Calculer un pourcentage - Méthode 1,2019-01-13,https://www.youtube.com/watch?v=UWjlRIXWSQo
Intérêts simples,Yvan Monka,Calculer un taux moyen - Première ESM - Terminale Techno,2016-06-18,https://www.youtube.com/watch?v=8ocIhl-SFuQ
Intérêts simples,Yvan Monka,LE COURS : Proportionnalité - Quatrième,2020-10-24,https://www.youtube.com/watch?v=qSbYsztzMpU
Intérêts simples,Yvan Monka,Calculer la probabilité d&#39;une intersection - Seconde,2020-08-21,https://www.youtube.com/watch?v=VprpP3e_R-4
Intérêts simples,Yvan Monka,Calculer la somme des termes d&#39;une suite arithmétique (2) - Première,2014-11-26,https://www.youtube.com/watch?v=iSfevWwk8e4
Intérêts simples,Yvan Monka,Calculer une puissance d&#39;une matrice - Terminale - Maths expertes,2014-12-21,https://www.youtube.com/watch?v=r81z2eLd07w
Intérêts simples,Hedacademy,Pourcentage : Augmentation/diminution,2022-02-11,https://www.youtube.com/watch?v=EOLkTQCVThk
Intérêts simples,Hedacademy,1 minute pour calculer un pourcentage,2021-01-03,https://www.youtube.com/watch?v=uCdxTYmNxeQ
Intérêts simples,Hedacademy,MA TECHNIQUE PRÉFÉRÉE DES POURCENTAGES 😍,2023-11-13,https://www.youtube.com/watch?v=bX35c60Lgs8
Intérêts simples,Hedacademy,Calculer un pourcentage - Méthode 1,2019-01-13,https://www.youtube.com/watch?v=UWjlRIXWSQo
Intérêts simples,Hedacademy,Tage Mage - Pourcentage Global,2016-10-10,https://www.youtube.com/watch?v=nl_uZtq_7d0
Intérêts simples,Hedacademy,Suites  - Modéliser une situation,2019-11-09,https://www.youtube.com/watch?v=3l9bSC2qhkA
Intérêts composés,Yvan Monka,LE COURS : Proportionnalité - Quatrième,2020-10-24,https://www.youtube.com/watch?v=qSbYsztzMpU
Intérêts composés,Yvan Monka,EXERCICE : Résoudre un problème (avec %) à l&#39;aide d&#39;une suite - Première,2021-06-29,https://www.youtube.com/watch?v=9Kox2DDd1wI
Intérêts composés,Yvan Monka,Calculer des puissances (notation scientifique) - Tutoriel HP Collège,2015-12-15,https://www.youtube.com/watch?v=IIOkQuUy_ow
Intérêts composés,Hedacademy,FAUTE CRIMINELLE ⛔️❗️ Calculer 10³,2022-12-09,https://www.youtube.com/watch?v=36O3nYFg5II
Intérêts composés,Hedacademy,Suites géométriques - Modélisation classique à maîtriser !,2021-03-31,https://www.youtube.com/watch?v=yCx9ZUDFo0Y
Intérêts composés,Hedacademy,100 000 abonnés ! Merci :),2020-10-16,https://www.youtube.com/watch?v=DIHScPXNsls
Taux particuliers,Yvan Monka,Faire 2 carrés avec 3 allumettes !,2021-12-01,https://www.youtube.com/watch?v=qeIu3SRNYs0
Taux particuliers,Yvan Monka,LE COURS : Fonctions affines - Troisième - Seconde,2017-06-28,https://www.youtube.com/watch?v=n5_pRx4ozIg
Taux particuliers,Yvan Monka,"Tu es fort en maths ? Alors, écoute-moi, stp.",2020-01-26,https://www.youtube.com/watch?v=5Qs_0QeIAVo
Taux particuliers,Yvan Monka,LE COURS : Variations des fonctions - Seconde,2020-08-02,https://www.youtube.com/watch?v=i8aYSIidNlk
Taux particuliers,Yvan Monka,Résoudre un problème à l&#39;aide du calcul littéral - Troisième,2015-11-13,https://www.youtube.com/watch?v=g1tyDEz71hw
Taux particuliers,Yvan Monka,Calculer un POURCENTAGE (1) - Cinquième,2023-10-31,https://www.youtube.com/watch?v=_TcFaeFb6sI
Taux particuliers,Yvan Monka,Représenter un nuage de points et déterminer le point moyen - Première - Terminale,2020-06-20,https://www.youtube.com/watch?v=Nn6uckb3RvE
Taux particuliers,Yvan Monka,Démontrer que deux vecteurs sont colinéaires - Seconde,2014-11-08,https://www.youtube.com/watch?v=FjUbd9Pbhmg
Taux particuliers,Yvan Monka,Calculer la somme des termes d&#39;une suite arithmétique (1) - Première,2014-11-26,https://www.youtube.com/watch?v=WeDtB9ZUTHs
Taux particuliers,Yvan Monka,Utiliser une échelle - Cinquième,2015-08-18,https://www.youtube.com/watch?v=-nKF5P_xxyQ
Taux particuliers,Hedacademy,1 minute pour appliquer le théorème de Pythagore,2021-02-14,https://www.youtube.com/watch?v=XVHkUmnFWxg
Taux particuliers,Hedacademy,1 min = 1 question du BREVET - LA MÉDIANE,2024-05-19,https://www.youtube.com/watch?v=G4-8gR51Scw
Taux particuliers,Hedacademy,Déterminer l&#39;équation d&#39;une droite,2017-12-10,https://www.youtube.com/watch?v=e8W6vk_xrgA
Taux particuliers,Hedacademy,1 minute (ou presque) pour calculer (a + b)³ et (a + b)⁴,2021-02-10,https://www.youtube.com/watch?v=4M4Ec_JIKvk
Taux particuliers,Hedacademy,METTRE K.O. LE BAC - Logarithme - Équations,2023-03-10,https://www.youtube.com/watch?v=GejVGZIb7Rs
Taux particuliers,Hedacademy,1 minute pour poser une division,2020-12-17,https://www.youtube.com/watch?v=wTW7he5wS0E
Taux particuliers,Hedacademy,Tage Mage - Géometrie,2017-10-23,https://www.youtube.com/watch?v=-BnWL3iZ9MA
Taux particuliers,Hedacademy,QUESTION TYPE DU BAC #13 : Variation d&#39;une fonction,2022-05-06,https://www.youtube.com/watch?v=8VnSa9PWBrA
Polygones,Yvan Monka,Polygones réguliers à la règle et au compas #4 sur 4,2017-04-20,https://www.youtube.com/watch?v=9rOvlOryoIU
Polygones,Yvan Monka,Polygones réguliers à la règle et au compas #1 sur 4,2017-04-20,https://www.youtube.com/watch?v=331h9qRj_pY
Polygones,Yvan Monka,Polygones réguliers à la règle et au compas #2 sur 4,2017-04-20,https://www.youtube.com/watch?v=t2o31tfm6BE
Polygones,Yvan Monka,Polygones réguliers à la règle et au compas #3 sur 4,2017-04-20,https://www.youtube.com/watch?v=3jFgbOo39sk
Polygones,Yvan Monka,LE COURS : Les quadrilatères - Sixième,2025-01-25,https://www.youtube.com/watch?v=PMiOrp6Hs_k
Polygones,Yvan Monka,Construire le polygone des fréquences cumulées - Seconde,2014-11-15,https://www.youtube.com/watch?v=DVN-4u6BCPY
Polygones,Yvan Monka,"Reconnaître un carré, un rectangle, un losange - Sixième - Cinquième",2021-05-23,https://www.youtube.com/watch?v=UXtlMZUUa7c
Polygones,Yvan Monka,Appliquer le théorème de l&#39;angle inscrit,2015-01-01,https://www.youtube.com/watch?v=_ECyBuYlB0M
Polygones,Yvan Monka,Calculer le périmètre d&#39;une figure - Sixième,2015-10-31,https://www.youtube.com/watch?v=w7n638xdT6E
Polygones,Yvan Monka,Calculer l&#39;aire d&#39;une figure composée - Cinquième,2015-08-25,https://www.youtube.com/watch?v=bMSrZjOBwcA
Polygones,Hedacademy,COMMENT CONSTRUIRE UN PENTAGONE ?,2024-09-25,https://www.youtube.com/watch?v=xzsgrjOTZwE
Polygones,Hedacademy,Combien de diagonales a un polygone à 30 côtés?,2021-07-19,https://www.youtube.com/watch?v=4rw97cLYwDg
Polygones,Hedacademy,COMBIEN MESURE L&#39;ANGLE D&#39;UN OCTOGONE - RÉVISIONS DU CONTRÔLE 😉,2024-10-06,https://www.youtube.com/watch?v=m7BkD2k7uTQ
Polygones,Hedacademy,TOUT CE QU&#39;IL FAUT SAVOIR SUR LES ANGLES - 5ᵉ,2024-12-07,https://www.youtube.com/watch?v=rYvndZlTBfA
Polygones,Hedacademy,BREVET - Trouve cet angle !,2022-11-07,https://www.youtube.com/watch?v=vcgJFKyAgso
Polygones,Hedacademy,C&#39;EST QUOI LE PÉRIMÈTRE D&#39;UNE FIGURE ? CM2 - 6ᵉ,2024-09-28,https://www.youtube.com/watch?v=ISNQp69brgw
Polygones,Hedacademy,RÉSULTAT SYMPA SUR LES ANGLES 😎,2023-02-01,https://www.youtube.com/watch?v=97VV7_vBGfs
Polygones,Hedacademy,COMPRENDRE LES ROTATIONS - 4ᵉ / 3ᵉ,2025-01-02,https://www.youtube.com/watch?v=DpLpO6C7DMY
Polygones,Hedacademy,BREVET - DES AIRES ADORABLES 🥰,2023-02-05,https://www.youtube.com/watch?v=l_VtcGWCg2s
Polygones,Hedacademy,TOUS LES SOLIDES en 2 formules ! 🤩,2022-09-12,https://www.youtube.com/watch?v=eJ9_2ijYPME
Cercle et éléments de cercle,Yvan Monka,Connaître le vocabulaire du cercle - Sixième,2020-09-06,https://www.youtube.com/watch?v=aWJmz1oM_O0
Cercle et éléments de cercle,Yvan Monka,Déterminer une équation de cercle (1) - Première,2014-12-01,https://www.youtube.com/watch?v=Nr4Fcr-GhXM
Cercle et éléments de cercle,Yvan Monka,Reconnaître un point sur un CERCLE ou sur un DISQUE - Sixième,2024-11-07,https://www.youtube.com/watch?v=DrPK1xHEJsU
Cercle et éléments de cercle,Yvan Monka,Apprendre à lire sur le cercle trigonométrique - Première,2016-02-16,https://www.youtube.com/watch?v=ECNX9hnhG9U
Cercle et éléments de cercle,Yvan Monka,Déterminer une équation de cercle (2) - Première,2014-12-01,https://www.youtube.com/watch?v=nNidpOAhLE8
Cercle et éléments de cercle,Yvan Monka,"LE COURS : Distances, cercle, médiatrice - Sixième",2025-01-16,https://www.youtube.com/watch?v=WPrr9ov_Hfw
Cercle et éléments de cercle,Yvan Monka,Construire la tangente à un cercle,2017-07-12,https://www.youtube.com/watch?v=O-5yCePDlKY
Cercle et éléments de cercle,Yvan Monka,LE COURS : Trigonométrie - Première,2020-08-19,https://www.youtube.com/watch?v=wJjb3CSS3cg
Cercle et éléments de cercle,Yvan Monka,LE COURS : Géométrie repérée - Première,2023-03-07,https://www.youtube.com/watch?v=EehP4SFpo5c
Cercle et éléments de cercle,Yvan Monka,LE COURS : Périmètres - Sixième,2023-11-12,https://www.youtube.com/watch?v=7tU_9CAcjJI
Cercle et éléments de cercle,Hedacademy,COMMENT CALCULER LA LONGUEUR D&#39;UN CERCLE ? 6ᵉ / 5ᵉ,2024-09-28,https://www.youtube.com/watch?v=OE2ER-Zm_hE
Cercle et éléments de cercle,Hedacademy,COMPRENDRE le cercle trigonométrique !,2022-03-17,https://www.youtube.com/watch?v=9HNBQZ0lUF4
Cercle et éléments de cercle,Hedacademy,LES BASES DE LA GÉOMÉTRIE - CM2 / 6e,2024-12-15,https://www.youtube.com/watch?v=ZmYiyAKWgAQ
Cercle et éléments de cercle,Hedacademy,COMPRENDRE LES ROTATIONS - 4ᵉ / 3ᵉ,2025-01-02,https://www.youtube.com/watch?v=DpLpO6C7DMY
Cercle et éléments de cercle,Hedacademy,Géométrie analytique,2020-09-23,https://www.youtube.com/watch?v=PLD0vSttxHk
Cercle et éléments de cercle,Hedacademy,TRIGONOMÉTRIE : Résoudre des équations,2022-03-20,https://www.youtube.com/watch?v=oMD_uwxM1bc
Cercle et éléments de cercle,Hedacademy,MAÎTRISER LES DIAGRAMMES !,2022-11-10,https://www.youtube.com/watch?v=jIjklZrVDto
Cercle et éléments de cercle,Hedacademy,HOMOTHÉTIES - TOUT comprendre,2025-01-15,https://www.youtube.com/watch?v=Va1xV68KzcU
Cercle et éléments de cercle,Hedacademy,"TU CONNAIS LA DIFFÉRENCE ? [AB]  -  AB  -  (AB)  -  A, B, ...?",2022-10-10,https://www.youtube.com/watch?v=MWpKMOudmwU
Cercle et éléments de cercle,Hedacademy,SANS CETTE MÉTHODE IL TE FAUT 2 JOURS POUR FAIRE LA QUESTION 😉,2024-11-18,https://www.youtube.com/watch?v=Nmz1cBJ5GeY
Autres éléments du plan,Yvan Monka,LE COURS : Les transformations Partie 1 - Troisième,2017-05-09,https://www.youtube.com/watch?v=4hACSwA1cn4
Autres éléments du plan,Yvan Monka,Décomposer un vecteur dans une base (du plan) - Terminale,2014-11-28,https://www.youtube.com/watch?v=4-dKOkNu_p4
Autres éléments du plan,Yvan Monka,Interpréter géométriquement les transformations - Terminale Techno,2020-06-20,https://www.youtube.com/watch?v=RsOCKGgT9h4
Autres éléments du plan,Yvan Monka,"Arrangement, permutation, combinaison... : lequel choisir ? - Terminale",2020-10-06,https://www.youtube.com/watch?v=hWkIwXXEECc
Autres éléments du plan,Yvan Monka,Faire 2 carrés avec 3 allumettes !,2021-12-01,https://www.youtube.com/watch?v=qeIu3SRNYs0
Autres éléments du plan,Yvan Monka,Notions de base de géométrie dans l&#39;espace - Première STD2A,2018-03-14,https://www.youtube.com/watch?v=kDvfHrKJMd4
Autres éléments du plan,Yvan Monka,LE COURS : Angles alternes-internes et correspondants - Cinquième,2023-10-21,https://www.youtube.com/watch?v=OHGq5bqx11A
Autres éléments du plan,Yvan Monka,LE COURS - Les ensembles de nombres,2017-05-28,https://www.youtube.com/watch?v=kL-eMNZiARM
Autres éléments du plan,Yvan Monka,Construire l&#39;image d&#39;un point par une rotation - Troisième,2015-11-10,https://www.youtube.com/watch?v=xd_-KzMmjwI
Autres éléments du plan,Yvan Monka,LE COURS - Équations de droites - Seconde,2020-08-02,https://www.youtube.com/watch?v=d-rUnClmcCY
Autres éléments du plan,Hedacademy,COMPRENDRE LES VECTEURS,2022-10-05,https://www.youtube.com/watch?v=nFHuglLbClc
Autres éléments du plan,Hedacademy,L&#39;ÉNIGME DES 9 POINTS 🤔,2022-11-25,https://www.youtube.com/watch?v=DDQkAJIrcx4
Autres éléments du plan,Hedacademy,TU SAIS PARLER MATHS ? 🤓,2023-03-12,https://www.youtube.com/watch?v=-Apy4ONW1q4
Autres éléments du plan,Hedacademy,BREVET - Trouve cet angle !,2022-11-07,https://www.youtube.com/watch?v=vcgJFKyAgso
Autres éléments du plan,Hedacademy,Fonctions affines et linéaires,2022-02-21,https://www.youtube.com/watch?v=5ocIH2UJabk
Autres éléments du plan,Hedacademy,POUR QUE LA FONCTION EXISTE,2023-12-17,https://www.youtube.com/watch?v=90tHHKOtxUU
Autres éléments du plan,Hedacademy,Fonction paire / impaire,2020-03-08,https://www.youtube.com/watch?v=v_AiQ-Tj8lA
Autres éléments du plan,Hedacademy,Déterminer l&#39;équation d&#39;une droite,2017-12-10,https://www.youtube.com/watch?v=e8W6vk_xrgA
Autres éléments du plan,Hedacademy,COMPRENDRE le cercle trigonométrique !,2022-03-17,https://www.youtube.com/watch?v=9HNBQZ0lUF4
Autres éléments du plan,Hedacademy,LES BELLES IDENTITÉS REMARQUABLES 😍,2023-12-15,https://www.youtube.com/watch?v=Go8Q538tJPw
Solides,Yvan Monka,Calculer une longueur dans un solide - Troisième,2014-12-31,https://www.youtube.com/watch?v=NY75MafJJ3Y
Solides,Yvan Monka,Dessiner en vraie grandeur la section d&#39;un solide - Troisième,2015-01-01,https://www.youtube.com/watch?v=hNj4ySy-NaU
Solides,Yvan Monka,LE COURS : Solides et volumes - Sixième,2025-06-29,https://www.youtube.com/watch?v=18rPxmBBG-8
Solides,Yvan Monka,Représenter la section d&#39;un solide par un plan - Terminale STD2A,2014-11-19,https://www.youtube.com/watch?v=vgXcf3M0f9w
Solides,Yvan Monka,"EXERCICE : Calculer des volumes (boule, cylindre) - Troisième",2021-04-25,https://www.youtube.com/watch?v=ZnB0RIPlIsw
Solides,Yvan Monka,Reconnaître un solide et ses éléments - Sixième,2025-02-04,https://www.youtube.com/watch?v=9SlR8ANDL1w
Solides,Yvan Monka,Représenter différentes vues d&#39;un assemblage de cubes - Sixième,2025-06-29,https://www.youtube.com/watch?v=PzQj84LSTrE
Solides,Yvan Monka,LE COURS : Pyramide et cône - Quatrième,2020-10-28,https://www.youtube.com/watch?v=2FH1GM2Nuk4
Solides,Yvan Monka,Représenter la section d&#39;un solide par un plan - Terminale STD2A,2015-01-18,https://www.youtube.com/watch?v=4y00KbuCpsc
Solides,Yvan Monka,EXERCICE : Effectuer des calculs de volume - Quatrième,2015-11-26,https://www.youtube.com/watch?v=CwfqktqhIGI
Solides,Hedacademy,TOUS LES SOLIDES en 2 formules ! 🤩,2022-09-12,https://www.youtube.com/watch?v=eJ9_2ijYPME
Solides,Hedacademy,Interro : le nom des SOLIDES,2026-04-23,https://www.youtube.com/watch?v=q8Sg5__UmpI
Solides,Hedacademy,MAÎTRISER LE CUBE et LE PAVÉ - 6ᵉ / 5ᵉ,2024-11-20,https://www.youtube.com/watch?v=Ty2X6NmUyuE
Solides,Hedacademy,CALCULE LE VOLUME DE CETTE PYRAMIDE,2024-04-09,https://www.youtube.com/watch?v=kIRyr1oLXXA
Solides,Hedacademy,LA SPHÈRE - 3ème,2025-02-18,https://www.youtube.com/watch?v=E4bac2H9dq0
Solides,Hedacademy,THALÈS... MAIS POUR LES GRANDS 😅,2023-03-08,https://www.youtube.com/watch?v=M4OdnmlFTJs
Solides,Hedacademy,THALÈS... mais version musclée 💪💪,2026-06-02,https://www.youtube.com/watch?v=PuKuwsMWfvI
Solides,Hedacademy,1 minute pour calculer l&#39;aire d&#39;un disque,2021-01-07,https://www.youtube.com/watch?v=LRmEm8jULlE
Solides,Hedacademy,LE CYLINDRE DE RÉVOLUTION - 6ᵉ / 5ᵉ,2024-11-20,https://www.youtube.com/watch?v=Jwji1QB6_0Y
Solides,Hedacademy,ENCORE UNE PÉPITE CE CALCUL D&#39;AIRE,2024-09-18,https://www.youtube.com/watch?v=aHYrP_Gf4As
Représentation dans l'espace,Yvan Monka,Se repérer dans l&#39;espace - Quatrième,2022-08-17,https://www.youtube.com/watch?v=PvCndyPcEng
Représentation dans l'espace,Yvan Monka,LE COURS : Droites et plans de l&#39;espace,2018-03-14,https://www.youtube.com/watch?v=jc04mAQSi3I
Représentation dans l'espace,Yvan Monka,Reconnaître une base de l&#39;espace - Terminale,2020-06-20,https://www.youtube.com/watch?v=5a9pE6XQna4
Représentation dans l'espace,Yvan Monka,"LE COURS : Vecteurs, droites et plans de l&#39;espace - Terminale",2023-05-16,https://www.youtube.com/watch?v=EoT48VtnUJ4
Représentation dans l'espace,Yvan Monka,LE COURS : Espace - Troisième,2020-10-23,https://www.youtube.com/watch?v=Wsv2pp5Ytx8
Représentation dans l'espace,Yvan Monka,Prépare ton BAC : Vecteurs (espace) - Représentations paramétriques,2016-04-30,https://www.youtube.com/watch?v=gYNat8r4XRE
Représentation dans l'espace,Yvan Monka,"LE COURS : Positions relatives, parallélisme, orthogonalité dans l&#39;espace - Terminale",2021-01-21,https://www.youtube.com/watch?v=aostYZK5jkE
Représentation dans l'espace,Yvan Monka,Lire les coordonnées dans l&#39;espace - Terminale,2020-06-20,https://www.youtube.com/watch?v=PZeBXIhNBAk
Représentation dans l'espace,Yvan Monka,Utiliser la représentation paramétrique d&#39;une droite - Terminale,2015-01-19,https://www.youtube.com/watch?v=smCUbzJs9xo
Représentation dans l'espace,Yvan Monka,Représenter une combinaison linéaire de vecteurs dans l&#39;espace - Terminale,2020-06-20,https://www.youtube.com/watch?v=Z83z54pkGqA
Représentation dans l'espace,Hedacademy,DROITES DE L&#39;ESPACE : Position relative - Term Spé,2024-12-04,https://www.youtube.com/watch?v=3lZR1gsJYKc
Représentation dans l'espace,Hedacademy,1 MINUTE = 1 QUESTION DU BAC - Droites de l&#39;espace,2024-03-25,https://www.youtube.com/watch?v=U1DHjTnW6xs
Représentation dans l'espace,Hedacademy,1 MINUTE = 1 QUESTION DU BAC - Eq. droite dans l&#39;espace,2024-03-19,https://www.youtube.com/watch?v=lQkagQ0CaCU
Représentation dans l'espace,Hedacademy,Équation paramétrique d&#39;une droite dans l&#39;espace,2017-05-01,https://www.youtube.com/watch?v=vvRPgxuKBzY
Représentation dans l'espace,Hedacademy,PLANS PARALLÈLES &amp; ORTHOGONAUX - Term Spé,2024-12-17,https://www.youtube.com/watch?v=RthPkXl0JAM
Représentation dans l'espace,Hedacademy,Déterminer l&#39;équation d&#39;un plan,2017-05-01,https://www.youtube.com/watch?v=3gywPe56SzM
Représentation dans l'espace,Hedacademy,TOUS LES SOLIDES en 2 formules ! 🤩,2022-09-12,https://www.youtube.com/watch?v=eJ9_2ijYPME
Représentation dans l'espace,Hedacademy,DÉTERMINER L&#39;ÉQUATION D&#39;UN PLAN - Term Spé,2024-12-17,https://www.youtube.com/watch?v=QrJ6LkVyM9Y
Représentation dans l'espace,Hedacademy,COMMENT construire l&#39;intersection de 2 plans - Mon secret 🤫,2026-01-08,https://www.youtube.com/watch?v=lrkNdeE71Ns
Représentation dans l'espace,Hedacademy,Géométrie analytique,2020-09-23,https://www.youtube.com/watch?v=PLD0vSttxHk
Triangle,Yvan Monka,LE COURS : Triangles semblables - Troisième,2021-06-17,https://www.youtube.com/watch?v=38DTCmRRvUs
Triangle,Yvan Monka,Construire l&#39;image d&#39;une figure par une symétrie centrale (2) - Cinquième,2015-08-22,https://www.youtube.com/watch?v=MaqCTQCB9lU
Triangle,Yvan Monka,Construire l&#39;image d&#39;une figure par une translation - Seconde,2014-11-21,https://www.youtube.com/watch?v=8Jb9cMOeYSk
Triangle,Yvan Monka,Le triangle impossible de Penrose - Illusion d&#39;optique,2015-08-11,https://www.youtube.com/watch?v=n3Dh-P8-X84
Triangle,Yvan Monka,Calculer l&#39;aire d&#39;un triangle - Cinquième,2025-12-21,https://www.youtube.com/watch?v=XciTFhpXIL0
Triangle,Yvan Monka,TRIANGLE de SIERPINSKI,2022-03-19,https://www.youtube.com/watch?v=jXbk7aaBSrk
Triangle,Yvan Monka,Construire un triangle (2) - Sixième / Cinquième,2015-08-22,https://www.youtube.com/watch?v=6mFBqacFzws
Triangle,Yvan Monka,Utiliser des triangles égaux - Quatrième,2021-04-21,https://www.youtube.com/watch?v=rLNa5Iu_X3E
Triangle,Yvan Monka,Tracer un cercle circonscrit - Sixième / Cinquième,2016-02-16,https://www.youtube.com/watch?v=0h9bZZoQfJM
Triangle,Yvan Monka,EXERCICE : Calculer des angles dans le triangle - Cinquième,2015-12-22,https://www.youtube.com/watch?v=jPkmKqt-6n4
Triangle,Hedacademy,Triangles semblables - Le cours,2020-11-14,https://www.youtube.com/watch?v=BexA4r1iB7Q
Triangle,Hedacademy,CHALLENGE : 2 méthodes inédites pour l&#39;aire du triangle.,2023-10-12,https://www.youtube.com/watch?v=Gi5qxv0dCng
Triangle,Hedacademy,LA LOI DES SINUS,2023-10-23,https://www.youtube.com/watch?v=CrQoll12HWM
Triangle,Hedacademy,Trouve la hauteur de la tour - SANS CALCULATRICE 🤨,2023-10-08,https://www.youtube.com/watch?v=5vjS8gv7sGs
Triangle,Hedacademy,1 minute pour l&#39;aire d&#39;un triangle rectangle,2021-01-05,https://www.youtube.com/watch?v=6gwJdatGvPo
Triangle,Hedacademy,CALCULE L&#39;AIRE DU RECTANGLE DANS CE DEMI CERCLE,2024-11-28,https://www.youtube.com/watch?v=LuvfOqtOB-s
Triangle,Hedacademy,Trigonométrie - Calculer une longueur,2018-12-15,https://www.youtube.com/watch?v=Od4hBbBFHqw
Triangle,Hedacademy,COMMENT CALCULER CETTE AIRE ?,2023-03-14,https://www.youtube.com/watch?v=dK6cOPC5FPo
Triangle,Hedacademy,T&#39;as 2 minutes ! Calculer une longueur,2021-02-24,https://www.youtube.com/watch?v=5t32hlJlYIQ
Triangle,Hedacademy,UN CONDENSÉ DE RÉFLEXES 😉,2022-12-29,https://www.youtube.com/watch?v=LUjrwu0JndM
Cercle trigonométrique,Yvan Monka,Apprendre à lire sur le cercle trigonométrique - Première,2016-02-16,https://www.youtube.com/watch?v=ECNX9hnhG9U
Cercle trigonométrique,Yvan Monka,LE COURS : Trigonométrie - Première,2020-08-19,https://www.youtube.com/watch?v=wJjb3CSS3cg
Cercle trigonométrique,Yvan Monka,Placer un point sur le cercle trigonométrique (1) - Première,2023-03-07,https://www.youtube.com/watch?v=7VAFJXLB9u0
Cercle trigonométrique,Yvan Monka,Lire une valeurs sur le cercle trigonométrique - Première,2023-03-07,https://www.youtube.com/watch?v=NGZKQf9eLyg
Cercle trigonométrique,Yvan Monka,Placer un point sur le cercle trigonométrique (2) - Première,2019-06-20,https://www.youtube.com/watch?v=jE3ibn-8fDI
Cercle trigonométrique,Yvan Monka,Lire en radians sur le cercle trigonométrique des valeurs de cos et sin - Première,2014-11-29,https://www.youtube.com/watch?v=m6tuif8ZpFY
Cercle trigonométrique,Yvan Monka,Résoudre une inéquation du type cos(x) ≤ a  - Terminale,2020-06-20,https://www.youtube.com/watch?v=raU77Qb_-Iw
Cercle trigonométrique,Yvan Monka,Placer un point par enroulement autour du cercle trigonométrique - Première,2014-11-13,https://www.youtube.com/watch?v=Fk_YO30jXn8
Cercle trigonométrique,Yvan Monka,EXERCICE : Lire en degré sur le cercle trigonométrique des valeurs de cos et sin - Première,2015-04-18,https://www.youtube.com/watch?v=QtcXTCLDJSk
Cercle trigonométrique,Yvan Monka,Lire en degré sur le cercle trigonométrique des valeurs de cos et sin - Première,2014-11-14,https://www.youtube.com/watch?v=1l3SzSamBRk
Cercle trigonométrique,Hedacademy,COMPRENDRE le cercle trigonométrique !,2022-03-17,https://www.youtube.com/watch?v=9HNBQZ0lUF4
Cercle trigonométrique,Hedacademy,TRIGONOMÉTRIE : Résoudre des équations,2022-03-20,https://www.youtube.com/watch?v=oMD_uwxM1bc
Cercle trigonométrique,Hedacademy,TRIGONOMÉTRIE : Mesure principale,2022-03-19,https://www.youtube.com/watch?v=IQGvZ0mJ0c8
Cercle trigonométrique,Hedacademy,DÉRIVER DES FONCTIONS TRIGONOMÉTRIQUES,2025-03-29,https://www.youtube.com/watch?v=no9O_gupMlc
Cercle trigonométrique,Hedacademy,TRIGONOMÉTRIE : Convertir degrés - radians,2022-03-18,https://www.youtube.com/watch?v=b7L5Gv4QslE
Cercle trigonométrique,Hedacademy,TRIGONOMÉTRIE : Sauras-tu simplifier ?,2026-01-05,https://www.youtube.com/watch?v=3ZHaPPcjLCA
Cercle trigonométrique,Hedacademy,Trouve la hauteur de la tour - SANS CALCULATRICE 🤨,2023-10-08,https://www.youtube.com/watch?v=5vjS8gv7sGs
Cercle trigonométrique,Hedacademy,Étude d&#39;une FONCTION TRIGO - Term Spé,2025-05-12,https://www.youtube.com/watch?v=rI-h5WUwVB0
Cercle trigonométrique,Hedacademy,LA TRIGONOMÉTRIE AU BREVET,2023-05-22,https://www.youtube.com/watch?v=OS3yEkR9F8E
Cercle trigonométrique,Hedacademy,POURQUOI cos²x + sin²x = 1,2023-06-12,https://www.youtube.com/watch?v=njiP_tKKtBo
Fonctions trigonométriques élémentaires,Yvan Monka,LE COURS : Trigonométrie - Première,2020-08-19,https://www.youtube.com/watch?v=wJjb3CSS3cg
Fonctions trigonométriques élémentaires,Yvan Monka,Etudier une fonction trigonométrique 1/4 : Parité - Terminale,2015-01-11,https://www.youtube.com/watch?v=uOXv5XnAiNk
Fonctions trigonométriques élémentaires,Yvan Monka,Etudier une fonction trigonométrique 2/4 : Périodicité - Terminale,2015-01-11,https://www.youtube.com/watch?v=s3S85RL06ks
Fonctions trigonométriques élémentaires,Yvan Monka,Apprendre à lire sur le cercle trigonométrique - Première,2016-02-16,https://www.youtube.com/watch?v=ECNX9hnhG9U
Fonctions trigonométriques élémentaires,Yvan Monka,Résoudre une équation trigonométrique - Terminale,2015-01-10,https://www.youtube.com/watch?v=PcgvyxU5FCc
Fonctions trigonométriques élémentaires,Yvan Monka,Etudier une fonction trigonométrique 3/4 : Variations - Terminale,2015-01-11,https://www.youtube.com/watch?v=X6vJog_xQRY
Fonctions trigonométriques élémentaires,Yvan Monka,Résoudre une équation trigonométrique (2) - Première,2014-11-29,https://www.youtube.com/watch?v=NlV2zKJtvc8
Fonctions trigonométriques élémentaires,Yvan Monka,Résoudre une équation trigonométrique (1) - Première,2014-11-15,https://www.youtube.com/watch?v=VbfA7HGIeLw
Fonctions trigonométriques élémentaires,Yvan Monka,Résoudre une équation trigonométrique (form. duplication) - Terminale,2014-12-02,https://www.youtube.com/watch?v=yx3yULqR_wI
Fonctions trigonométriques élémentaires,Yvan Monka,Lire en radians sur le cercle trigonométrique des valeurs de cos et sin - Première,2014-11-29,https://www.youtube.com/watch?v=m6tuif8ZpFY
Fonctions trigonométriques élémentaires,Hedacademy,COMPRENDRE le cercle trigonométrique !,2022-03-17,https://www.youtube.com/watch?v=9HNBQZ0lUF4
Fonctions trigonométriques élémentaires,Hedacademy,Étude d&#39;une FONCTION TRIGO - Term Spé,2025-05-12,https://www.youtube.com/watch?v=rI-h5WUwVB0
Fonctions trigonométriques élémentaires,Hedacademy,DÉRIVER DES FONCTIONS TRIGONOMÉTRIQUES,2025-03-29,https://www.youtube.com/watch?v=no9O_gupMlc
Fonctions trigonométriques élémentaires,Hedacademy,TRIGONOMÉTRIE : Résoudre des équations,2022-03-20,https://www.youtube.com/watch?v=oMD_uwxM1bc
Fonctions trigonométriques élémentaires,Hedacademy,Trigonométrie - Calculer une longueur,2018-12-15,https://www.youtube.com/watch?v=Od4hBbBFHqw
Fonctions trigonométriques élémentaires,Hedacademy,COMPRENDRE LES LIMITES DE FONCTIONS - Term Spé,2025-02-10,https://www.youtube.com/watch?v=wV_V1EiI3eI
Fonctions trigonométriques élémentaires,Hedacademy,"Trigonométrie - Calculer une longueur, calculer un angle",2018-01-30,https://www.youtube.com/watch?v=DEk3TqhuPhM
Équations trigonométriques élémentaires,Yvan Monka,Résoudre une équation trigonométrique (2) - Première,2014-11-29,https://www.youtube.com/watch?v=NlV2zKJtvc8
Équations trigonométriques élémentaires,Yvan Monka,Résoudre une équation du type cos(x)=a ou sin(x)=a - Terminale,2020-06-20,https://www.youtube.com/watch?v=p6U55YsS440
Équations trigonométriques élémentaires,Yvan Monka,Résoudre une équation trigonométrique - Terminale,2015-01-10,https://www.youtube.com/watch?v=PcgvyxU5FCc
Équations trigonométriques élémentaires,Yvan Monka,Résoudre une équation trigonométrique (1) - Première,2014-11-15,https://www.youtube.com/watch?v=VbfA7HGIeLw
Équations trigonométriques élémentaires,Yvan Monka,LE COURS : Trigonométrie - Première,2020-08-19,https://www.youtube.com/watch?v=wJjb3CSS3cg
Équations trigonométriques élémentaires,Yvan Monka,Résoudre une inéquation du type cos(x) ≤ a  - Terminale,2020-06-20,https://www.youtube.com/watch?v=raU77Qb_-Iw
Équations trigonométriques élémentaires,Yvan Monka,Résoudre une équation trigonométrique (form. duplication) - Terminale,2014-12-02,https://www.youtube.com/watch?v=yx3yULqR_wI
Équations trigonométriques élémentaires,Yvan Monka,EXERCICE : Résoudre une équation trigonométrique (2) - Première,2015-03-28,https://www.youtube.com/watch?v=FChmUolhDpg
Équations trigonométriques élémentaires,Yvan Monka,EXERCICE : Résoudre une équation trigonométrique (1) - Première,2015-04-18,https://www.youtube.com/watch?v=nnkUKwwMoro
Équations trigonométriques élémentaires,Yvan Monka,EXERCICE : Résoudre une équation trigonométrique (form. addition) - Terminale,2015-03-28,https://www.youtube.com/watch?v=sCUNjZ6yqac
Équations trigonométriques élémentaires,Hedacademy,TRIGONOMÉTRIE : Résoudre des équations,2022-03-20,https://www.youtube.com/watch?v=oMD_uwxM1bc
Équations trigonométriques élémentaires,Hedacademy,Étude d&#39;une FONCTION TRIGO - Term Spé,2025-05-12,https://www.youtube.com/watch?v=rI-h5WUwVB0
Équations trigonométriques élémentaires,Hedacademy,TRIGONOMÉTRIE : Sauras-tu simplifier ?,2026-01-05,https://www.youtube.com/watch?v=3ZHaPPcjLCA
Équations trigonométriques élémentaires,Hedacademy,Trigonométrie - Calculer une longueur,2018-12-15,https://www.youtube.com/watch?v=Od4hBbBFHqw
Équations trigonométriques élémentaires,Hedacademy,"Trigonométrie - Calculer une longueur, calculer un angle",2018-01-30,https://www.youtube.com/watch?v=DEk3TqhuPhM
Vecteurs,Yvan Monka,LE COURS : Les vecteurs - Seconde,2020-07-26,https://www.youtube.com/watch?v=aSSDBNn_rRI
Vecteurs,Yvan Monka,LE COURS : Vecteurs et repérage - Seconde,2020-07-26,https://www.youtube.com/watch?v=9OB3hct6gak
Vecteurs,Yvan Monka,"LE COURS : Vecteurs, droites et plans de l&#39;espace - Terminale",2023-05-16,https://www.youtube.com/watch?v=EoT48VtnUJ4
Vecteurs,Yvan Monka,Démontrer que deux vecteurs sont colinéaires - Seconde,2014-11-08,https://www.youtube.com/watch?v=FjUbd9Pbhmg
Vecteurs,Yvan Monka,Utiliser des propriétés sur les vecteurs - Seconde,2020-07-26,https://www.youtube.com/watch?v=XokpP_8mTOE
Vecteurs,Yvan Monka,Lire les coordonnées d&#39;un vecteur - Seconde,2014-11-08,https://www.youtube.com/watch?v=8PyiMHtp1fE
Vecteurs,Yvan Monka,Vérifier la colinéarité de vecteurs à l’aide du déterminant - Seconde,2019-06-20,https://www.youtube.com/watch?v=MeHOuwy81-8
Vecteurs,Yvan Monka,LE COURS : Produit scalaire - Première,2020-08-19,https://www.youtube.com/watch?v=dII7myZuLvo
Vecteurs,Yvan Monka,Construire un point à partir de vecteurs - Seconde,2014-11-07,https://www.youtube.com/watch?v=zcQPz4dfnn0
Vecteurs,Yvan Monka,Appliquer la relation de Chasles - Seconde,2014-11-08,https://www.youtube.com/watch?v=fbVrdYiY0qc
Vecteurs,Hedacademy,COMPRENDRE LES VECTEURS,2022-10-05,https://www.youtube.com/watch?v=nFHuglLbClc
Vecteurs,Hedacademy,Vecteurs - Relation de Chasles,2019-11-28,https://www.youtube.com/watch?v=fzpaNa8w5as
Vecteurs,Hedacademy,VECTEURS - LE CLASSIQUE À MAÎTRISER - 2nde / 1ère,2025-02-20,https://www.youtube.com/watch?v=ZnPMr8fhXXE
Vecteurs,Hedacademy,Vecteurs - Exercice type - Montrer que 3 points sont alignés,2019-12-01,https://www.youtube.com/watch?v=JFPlYrqfJ-Q
Vecteurs,Hedacademy,Vecteurs - Construire l&#39;image d&#39;un point,2019-11-27,https://www.youtube.com/watch?v=msRPPwrn8t0
Vecteurs,Hedacademy,Vecteurs colinéaires - Définition et exercices,2019-11-29,https://www.youtube.com/watch?v=PFC5kvZay3I
Vecteurs,Hedacademy,"Démontrer que A, B, C et D sont COPLANAIRES - Term Spé",2024-12-04,https://www.youtube.com/watch?v=8n6WVg0jXiY
Vecteurs,Hedacademy,METTRE K.O. LE BAC 👊 - Produit Scalaire,2023-02-06,https://www.youtube.com/watch?v=LANn_pCwC2M
Vecteurs,Hedacademy,Vecteurs - Centre de gravité d&#39;un triangle,2019-11-13,https://www.youtube.com/watch?v=hf3sz7hcupM
Vecteurs,Hedacademy,RELATION DE CHASLES INVERSÉE !,2022-10-20,https://www.youtube.com/watch?v=qt3rPa55A1c
Droites,Yvan Monka,LE COURS - Équations de droites - Seconde,2020-08-02,https://www.youtube.com/watch?v=d-rUnClmcCY
Droites,Yvan Monka,LE COURS : Les droites - Sixième,2025-01-16,https://www.youtube.com/watch?v=0CIm1i4HfEQ
Droites,Yvan Monka,LE COURS : Droites et plans de l&#39;espace,2018-03-14,https://www.youtube.com/watch?v=jc04mAQSi3I
Droites,Yvan Monka,Démontrer qu&#39;une droite est parallèle à un plan - Terminale S,2014-11-19,https://www.youtube.com/watch?v=k7F1StU4XUs
Droites,Yvan Monka,"LE COURS : Vecteurs, droites et plans de l&#39;espace - Terminale",2023-05-16,https://www.youtube.com/watch?v=EoT48VtnUJ4
Droites,Yvan Monka,Déterminer une équation de droite connaissant deux points - Seconde,2014-11-09,https://www.youtube.com/watch?v=tfagLy6QRuw
Droites,Yvan Monka,Démontrer qu&#39;une droite est asymptote oblique - Terminale,2016-09-06,https://www.youtube.com/watch?v=zbyGXpKTI_k
Droites,Yvan Monka,Utiliser la représentation paramétrique d&#39;une droite - Terminale,2015-01-19,https://www.youtube.com/watch?v=smCUbzJs9xo
Droites,Yvan Monka,Démontrer que deux droites sont orthogonales - Terminale,2015-01-18,https://www.youtube.com/watch?v=qKWghhaQJUs
Droites,Yvan Monka,Déterminer une équation cartésienne d&#39;une droite (1) - Seconde,2014-11-27,https://www.youtube.com/watch?v=NosYmlLLFB4
Droites,Hedacademy,DROITES SÉCANTES - PARALLÈLES - PERPENDICULAIRES - CM2 / 6ᵉ,2024-12-15,https://www.youtube.com/watch?v=kyhY5bCdngc
Droites,Hedacademy,DROITES DE L&#39;ESPACE : Position relative - Term Spé,2024-12-04,https://www.youtube.com/watch?v=3lZR1gsJYKc
Droites,Hedacademy,Déterminer l&#39;équation d&#39;une droite,2017-12-10,https://www.youtube.com/watch?v=e8W6vk_xrgA
Droites,Hedacademy,Droites et Systèmes,2022-11-17,https://www.youtube.com/watch?v=5aTVNd1t8tg
Droites,Hedacademy,Equation cartésienne d&#39;une droite - Cours et application,2020-10-11,https://www.youtube.com/watch?v=NxTAjm1EPSg
Droites,Hedacademy,Comment déterminer l&#39;équation d&#39;une droite ? y = ax + b,2026-04-16,https://www.youtube.com/watch?v=axG_YXiHVKs
Droites,Hedacademy,1 MINUTE = 1 QUESTION DU BAC - Droites de l&#39;espace,2024-03-25,https://www.youtube.com/watch?v=U1DHjTnW6xs
Droites,Hedacademy,Équation de  droite - Droites parallèles,2018-09-05,https://www.youtube.com/watch?v=Bu8fykOeGgo
Droites,Hedacademy,INTERSECTION DROITE ET PLAN - Term Spé,2024-12-29,https://www.youtube.com/watch?v=GRaFBWBjeuE
Droites,Hedacademy,Comment tracer la parallèle à une droite passant par un point ?,2020-11-17,https://www.youtube.com/watch?v=TkccgNyNHjI
